GEOID,NAME,unw_centroid_long,unw_centroid_lat,Estimated Population,Percent Non-Hispanic,Percent Non-Hispanic White ,Percent Non-Hispanic Black ,Percent Non-Hispanic American Indian/Alaska Native ,Percent Non-Hispanic Asian ,Percent Non-Hispanic Native Hawaiian/Other Pacific Islander ,Percent Non-Hispanic Other ,Percent Non-Hispanic Two or More Races,Percent Hispanic ,Estimate Educated,Median Income ,Population Below Poverty Level,Population Income to Poverty Level,Percent Below 100% FPL,Percent Between 100% and 199% FPL,"Unemployment Rate, 16 and Over",Percent Below 200% FPL,Percent High School or Less,Percent Some College or Greater,Labor Force Participation Rate ,Percent Non-White,Redlining (HOLC Grade),Asthma Prevalence,Smoking Prevalence,Obesity Prevalence,COPD Prevalence,Lack of Health Care Access Prevalence,"ICE, Nonwhite by Income ","ICE, Rent Versus Owned ",Particulate Matter ,Housing Stress,Percent Population Within Half a Mile to Parks,Percent Population With Access to Healthy Foods
6081600100,Census Tract 6001; San Mateo County; California,-122.41190634,37.68743278,5070,78.2248520710059,39.3688362919132,0.019723865877712,0,34.9704142011834,0.473372781065089,0.394477317554241,2.99802761341223,21.7751479289941,3670,67440,5020,952,12.5,14.2857142857143,8.6,26.7857142857143,26.9754768392371,73.0245231607629,78.5314250155569,60.6311637080868,NA,8.6,9.6,21.7,4.6,5.5,63.7616937469227,62.136878385032,11.2623859662471,40.5717218373107,89,42.0786979810466
6081600200,Census Tract 6002; San Mateo County; California,-122.41566854,37.70448985,4155,73.6702767749699,1.63658243080626,2.3826714801444,0,58.2430806257521,6.06498194945848,1.46811070998797,3.8748495788207,26.3297232250301,3073,49659,4155,819,5.61660561660562,1.83150183150183,7.8,7.44810744810745,48.0637813211845,51.9362186788155,82.3798627002288,98.3634175691937,NA,8,10.8,19.8,4,9.6,46.5722120658135,71.2979890310786,11.2623859662471,40.5717218373108,89,42.0786979810466
6081600300,Census Tract 6003; San Mateo County; California,-122.43178293,37.70217273,4070,91.1056511056511,21.0565110565111,6.14250614250614,0,61.1547911547912,0,0.417690417690418,2.33415233415233,8.89434889434889,3145,52925,4070,726,8.26446280991736,7.16253443526171,4.2,15.4269972451791,28.6486486486486,71.3513513513514,74.492385786802,78.9434889434889,2.40522784830738,7.9,8.4,18.4,3.4,6.3,51.4684813753582,72.5644699140401,10.3843329506881,41.1955691367456,100,10.4544325800844
6081600401,Census Tract 6004.01; San Mateo County; California,-122.44445585,37.70544307,3391,82.1586552639339,10.8227661456797,13.7717487466824,0,51.6661751695665,0,0,5.89796520200531,17.8413447360661,2633,53422,3391,378,0,28.3068783068783,3.2,28.3068783068783,25.7121154576529,74.2878845423471,83.1054256726952,89.1772338543203,NA,7.7,9.4,19.3,3.8,6.8,50.262467191601,72.3534558180228,10.4064480330625,41.5178571428571,100,NA
6081600402,Census Tract 6004.02; San Mateo County; California,-122.45292003,37.70514271,4615,61.0834236186349,7.6056338028169,0,0,44.9620801733478,0,7.17226435536295,1.34344528710726,38.9165763813651,3558,37763,4582,402,22.3880597014925,30.0995024875622,9.8,52.4875621890547,50.1124227093873,49.8875772906127,88.0715705765408,92.3943661971831,NA,7.8,11.7,20.3,4.2,11.3,47.4093264248705,83.160621761658,11.2926928736676,45.9090909090909,100,NA
6081600501,Census Tract 6005.01; San Mateo County; California,-122.45843482,37.70005272,3709,60.7980587759504,9.35562146131033,0.296575896468051,0,49.6899433809652,0.350498786734969,0.0269614451334592,1.07845780533837,39.2019412240496,2926,46274,3709,581,10.8433734939759,36.3166953528399,4.2,47.1600688468158,30.8612440191388,69.1387559808612,80.2861685214626,90.6443785386897,NA,8.3,9.7,20.8,3.7,9.6,50.5892255892256,62.8787878787879,10.8405330399934,NA,100,NA
6081600502,Census Tract 6005.02; San Mateo County; California,-122.45583813,37.69494343,4228,72.5638599810785,2.81456953642384,0,0,69.5600756859035,0,0,0.189214758751183,27.4361400189215,3286,47063,4211,514,20.2334630350195,13.4241245136187,5.5,33.6575875486381,41.69202678028,58.30797321972,86.9683964104565,97.1854304635762,NA,7.6,9.3,17.6,3.8,8.5,48.7387387387387,69.2792792792793,10.3154140585122,42.0006222403044,73,44.6020301621734
6081600600,Census Tract 6006; San Mateo County; California,-122.46658743,37.69755078,4863,60.0452395640551,3.1667694838577,1.04873534855028,0,54.5342381246144,0,0,1.2954966070327,39.9547604359449,3860,47500,4846,615,8.29268292682927,19.349593495935,3.9,27.6422764227642,44.0155440414508,55.9844559585492,75.3346624893193,96.8332305161423,NA,8.2,9.7,21.6,3.6,10.5,47.9986197377502,37.4741200828157,11.8572245477737,44.8160535117057,100,NA
6081600701,Census Tract 6007.01; San Mateo County; California,-122.46257964,37.70633518,3287,78.8256769090356,13.7815637359294,2.1600243383024,0,58.9291146942501,0,0,3.9549741405537,21.1743230909644,2650,42168,3284,266,0,16.1654135338346,8.1,16.1654135338346,46.4528301886792,53.5471698113207,86.737400530504,86.2184362640706,NA,8.2,12.6,21.8,4.5,12,41.0607356715141,71.4285714285714,10.8884764298867,40.0749063670412,100,0
6081600702,Census Tract 6007.02; San Mateo County; California,-122.46713293,37.70334291,2778,86.5010799136069,14.3268538516919,0.719942404607631,1.54787616990641,65.0467962562995,0.827933765298776,0.611951043916487,3.41972642188625,13.4989200863931,2220,47477,2778,464,0,18.3189655172414,0.5,18.3189655172414,27.4324324324324,72.5675675675676,88.4904569115095,85.6731461483081,NA,7.6,7.9,18.8,3,6.8,53.6830357142857,63.5044642857143,11.6534793222626,72.7272727272727,100,NA
6081600800,Census Tract 6008; San Mateo County; California,-122.48051296,37.69992514,7861,66.8871644828902,20.8370436331256,1.45019717593182,1.9463172624348,40.7072891489632,0,0,1.9463172624348,33.1128355171098,4916,41208,7861,1484,22.911051212938,8.15363881401617,8.8,31.0646900269542,40.2156224572823,59.7843775427177,86.8452280047466,79.1629563668745,NA,8.4,10.9,20.9,3.7,9.5,49.0890688259109,14.5748987854251,11.0851846773072,51.5158207043939,80.3333333333333,0
6081600900,Census Tract 6009; San Mateo County; California,-122.48820177,37.70469206,3994,87.2558838257386,35.728592889334,0,1.17676514772158,43.465197796695,0,0.42563845768653,6.45968953430145,12.7441161742614,2766,53298,3994,675,7.7037037037037,0,5.3,7.7037037037037,15.0397686189443,84.9602313810557,77.8329197684036,64.271407110666,NA,8,9.4,18.3,4.4,5.3,57.3699421965318,78.5404624277457,10.8884764298867,40.0749063670412,100,0
6081601000,Census Tract 6010; San Mateo County; California,-122.49263558,37.67842979,7415,87.093728927849,16.695886716116,6.71611598111935,0,51.490222521915,1.48347943358058,5.826028320971,4.881995954147,12.906271072151,5276,49370,7415,1160,0,21.7241379310345,6.2,21.7241379310345,26.0614101592115,73.9385898407885,84.1358555460017,83.304113283884,NA,7.7,8.7,18.4,3.6,6,55.1890941072999,85.3562005277045,9.56998721363131,37.1168483543715,100,0.303775495443368
6081601100,Census Tract 6011; San Mateo County; California,-122.48937581,37.69219578,6197,94.7555268678393,14.5877037276101,2.04937873164434,0,69.1302243020817,5.09924156850089,0,3.88897853800226,5.24447313216072,4378,54933,6140,846,0,14.1843971631206,3.4,14.1843971631206,26.2220191868433,73.7779808131567,79.9760765550239,85.4122962723899,NA,7.5,7.9,17.1,3.6,6,53.4828496042216,82.8496042216359,11.4387688686539,34.9610392994892,70,NA
6081601200,Census Tract 6012; San Mateo County; California,-122.4784326,37.69330256,6706,79.1529973158366,26.4688338801074,1.23769758425291,0,47.1219803161348,0,0,4.32448553534149,20.8470026841634,5118,56832,6679,1320,0,17.5,2.7,17.5,31.4771395076202,68.5228604923798,84.9109002545707,73.5311661198926,NA,8.5,10.8,21.1,4.4,7.3,55.2594002855783,46.7396477867682,11.853242858855,41.7452830188679,41,NA
6081601301,Census Tract 6013.01; San Mateo County; California,-122.4664596,37.69027062,4004,52.5474525474525,7.46753246753247,0.274725274725275,0,41.7832167832168,0,0.174825174825175,2.84715284715285,47.4525474525474,2842,31994,4004,598,2.67558528428094,12.5418060200669,3.4,15.2173913043478,38.7755102040816,61.2244897959184,78.597050617776,92.5324675324675,NA,8.3,10.3,20.4,4.2,9.7,45.6597222222222,26.4756944444444,11.8165125167236,NA,89,NA
6081601302,Census Tract 6013.02; San Mateo County; California,-122.46481774,37.68582934,4581,67.9545950665793,3.0561012879284,1.68085570836062,0,56.2322636978826,0.0436585898275486,0,6.94171578258022,32.0454049334206,3267,42261,4581,851,0,45.828437132785,3,45.828437132785,47.4135292317111,52.5864707682889,75.210355987055,96.9438987120716,NA,9.1,13.8,23.1,5,14,47.9625918503674,30.9953239812959,10.8637301095613,41.9689119170984,76.6666666666667,5.04666436225372
6081601400,Census Tract 6014; San Mateo County; California,-122.47878989,37.68122841,7102,90.4252323289214,9.39172064207266,0.64770487186708,0,73.9650802590819,0,2.99915516755843,3.42157138834131,9.57476767107857,5658,47136,6993,958,0,0,7.6,0,28.8971367974549,71.1028632025451,80.842455973346,90.6082793579273,NA,7.1,7.4,15.3,3.4,5.7,48.9405803777061,61.1699677567941,11.6646758826539,44.833521705033,65,NA
6081601501,Census Tract 6015.01; San Mateo County; California,-122.4856091,37.67506891,4917,87.9398006914785,5.91824283099451,6.1012812690665,0,75.1677852348993,0,0,0.752491356518202,12.0601993085215,4015,54205,4898,509,7.46561886051081,0,1.1,7.46561886051081,29.6139476961395,70.3860523038605,84.6009389671362,94.0817571690055,NA,6.7,7.7,14.9,3.3,5.5,49.0041208791209,89.6291208791209,10.3541075132211,43.1034482758621,100,NA
6081601502,Census Tract 6015.02; San Mateo County; California,-122.47832465,37.66921556,4995,74.8148148148148,8.62862862862863,4.5045045045045,0.22022022022022,55.2352352352352,0.900900900900901,0.34034034034034,4.98498498498498,25.1851851851852,3733,38502,4679,682,5.86510263929619,19.6480938416422,7.6,25.5131964809384,38.2802035896062,61.7197964103938,85.9452736318408,91.3713713713714,NA,8.1,10.7,20,3.7,8.6,44.73208910295,20.1685731487056,11.4788475553975,63.716814159292,90,NA
6081601601,Census Tract 6016.01; San Mateo County; California,-122.4497207,37.6782664,2742,65.1349380014588,17.5054704595186,1.64113785557987,0,40.9919766593727,0.0364697301239971,1.34938001458789,3.61050328227571,34.8650619985412,1955,44222,2740,565,8.84955752212389,12.0353982300885,3.3,20.8849557522124,38.1585677749361,61.8414322250639,85.5985037406484,82.4945295404814,NA,8.6,10.5,21.9,4.9,8.7,51.8259935553169,65.5209452201933,11.0343307345203,41.8656820121891,58.3333333333333,5.04666436225372
6081601603,Census Tract 6016.03; San Mateo County; California,-122.46094665,37.6554377,6487,87.9142901186989,6.82904270078619,2.17357792508093,0,68.0437798674272,3.94635424695545,0,6.92153537844921,12.0857098813011,4884,45135,6465,1143,25.2843394575678,9.09886264216973,2.8,34.3832020997375,24.9385749385749,75.0614250614251,82.119021134594,93.1709572992138,NA,7.4,9.1,17.5,3.8,6.1,46.7019740009629,61.1940298507463,11.6854913125739,36.3000197122019,100,NA
6081601604,Census Tract 6016.04; San Mateo County; California,-122.46918351,37.66963337,2431,77.7046482928836,17.9761415055533,2.83833813245578,0,51.6248457424928,0,0,5.26532291238174,22.2953517071164,2079,67289,2431,262,0,0,3.4,0,23.7614237614238,76.2385762385762,91.9071873231466,82.0238584944467,NA,7.7,7.4,18.3,3,4.8,54.5414069456812,63.4016028495102,11.7444673514673,50,76,NA
6081601605,Census Tract 6016.05; San Mateo County; California,-122.46983795,37.6569148,6016,91.0073138297872,6.91489361702128,2.47672872340426,0.199468085106383,80.4022606382979,0,0,1.01396276595745,8.99268617021277,4865,51250,5998,763,0,0,1.9,0,28.4686536485098,71.5313463514902,82.6300578034682,93.0851063829787,NA,6.8,7.1,15.4,3.1,5.6,46.1882229232387,79.3375394321767,11.3864696962198,40.7821229050279,100,NA
6081601700,Census Tract 6017; San Mateo County; California,-122.4560933,37.66264953,4513,75.5373365832041,25.3489918014624,1.15222690006647,0,43.4522490582761,0.642588078883226,0.110791048083315,4.83048969643253,24.4626634167959,3394,64444,4479,780,1.28205128205128,0,1.6,1.28205128205128,38.6269888037714,61.3730111962286,87.9749170047953,74.6510081985376,NA,8.3,9.2,20.9,4.1,7.4,58.493353028065,88.8478581979321,11.7051499922051,40.8666798081346,92,NA
6081601800,Census Tract 6018; San Mateo County; California,-122.44606857,37.65532101,5969,75.3057463561736,28.2291841179427,0.0167532249958117,0,41.9333221645167,2.79778857430055,0,2.32869827441783,24.6942536438264,4444,60231,5967,917,2.72628135223555,0,1.6,2.72628135223555,22.3897389738974,77.6102610261026,83.7267080745342,71.7708158820573,NA,8.1,8.2,20.1,4.1,6.2,57.1134492223239,84.6294602012809,12.1117440290183,37.8684807256236,100,NA
6081601901,Census Tract 6019.01; San Mateo County; California,-122.43438906,37.66598389,3988,66.950852557673,22.8184553660983,1.05315947843531,0,40.7472417251755,0,0,2.33199598796389,33.049147442327,2719,49015,3988,882,13.1519274376417,10.2040816326531,3.3,23.3560090702948,35.7484369253402,64.2515630746598,79.6495420151334,77.1815446339017,NA,8.8,10.7,22.1,4.8,8.6,52.5485436893204,71.2783171521036,10.6432398434187,41.8656820121891,43,5.04666436225372
6081601902,Census Tract 6019.02; San Mateo County; California,-122.43727528,37.66047657,5467,85.8972013901591,24.9131150539601,3.16444119261021,0.256081946222791,56.5209438448875,0,0,1.04261935247851,14.1027986098409,4194,71213,5467,870,0,10,4.6,10,24.3919885550787,75.6080114449213,89.1697645600991,75.0868849460399,NA,8.1,8.8,20.8,3.5,6.9,54.5539467538533,40.3549743110696,11.9697795664589,40.2684563758389,83,NA
6081602001,Census Tract 6020.01; San Mateo County; California,-122.41975184,37.66263956,3825,78.0915032679739,32.9934640522876,1.04575163398693,0,43.0849673202614,0,0,0.967320261437909,21.9084967320261,3063,65694,3770,423,0,15.6028368794326,0.3,15.6028368794326,22.6248775710088,77.3751224289912,80.7081807081807,67.0065359477124,NA,8.5,9,21.6,4.4,7.4,61.2959112959113,75.2598752598753,10.5128883211795,NA,92,4.90260164727415
6081602002,Census Tract 6020.02; San Mateo County; California,-122.42051248,37.67131834,3928,57.8156822810591,13.9511201629328,0,0,41.1150712830957,0.330957230142566,0.178207739307536,2.24032586558045,42.1843177189409,2992,46250,3928,644,13.8198757763975,19.4099378881988,2.2,33.2298136645963,38.7366310160428,61.2633689839572,75.6343133306484,86.0488798370672,NA,7.8,8.8,19.4,3.5,8.1,55.2290406222991,88.4183232497839,10.3422263423778,42.0323325635104,85,44.5299988046836
6081602100,Census Tract 6021; San Mateo County; California,-122.40640493,37.66179149,3368,31.5914489311164,7.24465558194774,4.75059382422803,0,17.0130641330166,0.92042755344418,0.92042755344418,0.742280285035629,68.4085510688836,2233,38061,3368,685,22.6277372262774,24.6715328467153,4.9,47.2992700729927,52.6645768025078,47.3354231974922,83.8323353293413,92.7553444180523,NA,9.8,14,29.7,4.9,17.1,46.2982273201251,30.5526590198123,11.3452439067517,60.7843137254902,100,NA
6081602201,Census Tract 6022.01; San Mateo County; California,-122.42289218,37.6572143,4800,48.3541666666667,24.2708333333333,0.979166666666667,0,16.875,0.25,0,5.97916666666667,51.6458333333333,3307,48273,4800,1099,10.1000909918107,13.2848043676069,3.4,23.3848953594177,40.489869972785,59.510130027215,84.3338683788122,75.7291666666667,NA,9.2,11.4,27.4,4.2,12.4,52.4175199089875,18.259385665529,12.7242592091371,NA,74,NA
6081602202,Census Tract 6022.02; San Mateo County; California,-122.41156066,37.65509775,3284,33.5566382460414,8.52618757612667,3.13641900121803,0,21.8940316686967,0,0,0,66.4433617539586,2647,42515,3284,411,26.7639902676399,28.7104622871046,1.5,55.4744525547445,52.5878352852286,47.4121647147714,81.2277227722772,91.4738124238733,NA,9.1,12.1,27,4.2,14.9,49.5077932731747,14.9302707136998,12.7242592091371,NA,74,NA
6081602300,Census Tract 6023; San Mateo County; California,-122.39879065,37.65154487,4294,54.6343735444807,6.33442012109921,0.72193758733116,0,28.4583139264089,7.9646017699115,0,11.1551001397299,45.3656264555193,2978,48380,4289,785,13.5031847133758,13.8853503184713,4,27.3885350318471,34.9227669576897,65.0772330423103,88.1675392670157,93.6655798789008,NA,8.9,9.9,23.5,4,9.1,45.487894350697,63.6096845194424,10.8572043234342,37.0240714200951,66,43.9838405336711
6081602400,Census Tract 6024; San Mateo County; California,-122.4357376,37.64449514,7522,74.0095719223611,34.2860941239032,1.39590534432332,0.106354692900824,33.2491358681202,0.292475405477267,1.7548524328636,2.92475405477267,25.9904280776389,5548,49498,7511,1255,12.1115537848606,8.36653386454183,1.1,20.4780876494024,33.8139870223504,66.1860129776496,77.9260555677095,65.7139058760968,NA,8.8,9.2,21.8,5.2,7,56.8623853211009,56.1100917431193,12.6082227297509,36.3773027612542,100,NA
6081602500,Census Tract 6025; San Mateo County; California,-122.45058064,37.63992471,5179,91.5234601274377,12.9175516508979,4.49893801892257,0,70.9982622127824,0.212396215485615,0,2.89631202934929,8.47653987256227,4294,47630,5172,699,5.15021459227468,1.71673819742489,1,6.86695278969957,25.5938518863531,74.4061481136469,81.5485996705107,87.0824483491022,NA,7.1,7.5,15.9,3.5,5.1,50,89.788972089857,11.7215613510602,32.7868852459016,100,NA
6081602601,Census Tract 6026.01; San Mateo County; California,-122.45685941,37.6463835,4125,90.1575757575758,19.1757575757576,0.993939393939394,0.509090909090909,66.9333333333333,0,0.290909090909091,2.25454545454545,9.84242424242424,3134,64464,4125,690,4.20289855072464,18.695652173913,2.5,22.8985507246377,27.7281429483089,72.2718570516911,79.8895899053628,80.8242424242424,NA,7.1,8.1,16,3,5.7,55.4817275747508,70.2990033222591,11.3190984446735,NA,100,NA
6081602602,Census Tract 6026.02; San Mateo County; California,-122.4660657,37.64599508,4268,69.8453608247423,8.90346766635427,1.68697282099344,0,55.5529522024367,0,0,3.70196813495783,30.1546391752577,3281,55927,4223,772,4.92227979274611,9.06735751295337,3.1,13.9896373056995,33.6177994513868,66.3822005486132,83.5975189524466,91.0965323336457,NA,7.3,8.9,16.5,3.4,5.7,53.8341158059468,57.2769953051643,11.3190984446735,NA,100,NA
6081602700,Census Tract 6027; San Mateo County; California,-122.47509172,37.64860718,5866,79.4749403341289,23.4060688714627,1.39788612342312,0,42.7548585066485,0.528469144220934,0.750085236958745,10.6375724514149,20.5250596658711,4386,60741,5832,1019,4.02355250245339,6.86947988223749,3.8,10.8930323846909,19.6078431372549,80.3921568627451,84.2471042471042,76.5939311285373,NA,8.6,9.3,20.9,3.7,6,54.3895055499495,63.874873864783,11.0037003120084,39.9940936426117,100,3.09637229754489
6081602800,Census Tract 6028; San Mateo County; California,-122.48386594,37.65935711,4828,67.4399337199669,22.1830985915493,2.02982601491301,0,33.1400165700083,6.52444076222038,1.6155758077879,1.94697597348799,32.5600662800331,3461,55152,4789,872,3.09633027522936,6.42201834862385,5.3,9.51834862385321,28.171048829818,71.828951170182,82.5363825363825,77.8169014084507,NA,8.4,9.1,20.2,4.1,6.1,56.020942408377,66.8193717277487,10.4380305938489,32.8990228013029,100,NA
6081602900,Census Tract 6029; San Mateo County; California,-122.489438,37.65201631,3814,79.9685369690614,41.6360776088096,4.03775563712638,0,23.6497115888831,2.07131620346093,0.786575773466177,7.78710015731516,20.0314630309386,3064,70757,3777,638,0,2.50783699059561,2.6,2.50783699059561,13.8707571801567,86.1292428198433,86.0702614379085,58.3639223911903,NA,9,7.8,21.8,3.7,4.8,64.15625,55.375,9.13596552352251,39.2257611309058,100,0.303775495443368
6081603000,Census Tract 6030; San Mateo County; California,-122.48395367,37.63622021,4506,77.3191300488238,53.6839769196627,3.66178428761651,0.244118952507767,12.3834886817577,0.488237905015535,0.466045272969374,6.39147802929427,22.6808699511762,3529,71538,4417,527,11.9544592030361,8.91840607210626,3.6,20.8728652751423,24.341173136866,75.658826863134,83.7803723572105,46.3160230803373,NA,10,12.2,25.4,5.5,5.9,67.8009141696293,47.8923311325546,10.2430293344497,36.3148384353741,100,3.09637229754489
6081603100,Census Tract 6031; San Mateo County; California,-122.48223143,37.61599529,3357,88.4420613643134,57.7599046767948,0.536193029490617,0.0297885016383676,18.2007745010426,2.56181114089961,1.34048257372654,8.01310694072088,11.5579386356866,2584,71382,3351,568,8.97887323943662,9.85915492957746,3.4,18.8380281690141,21.5170278637771,78.4829721362229,81.4327485380117,42.2400953232052,NA,9.7,9.7,24.6,5.3,4.7,70.6851691240243,85.949696444059,9.25039818201241,31.3456879844961,96.5,32.1741403472457
6081603200,Census Tract 6032; San Mateo County; California,-122.50513735,37.58858203,3292,80.6804374240583,64.3985419198056,0.121506682867558,0,11.0267314702309,0,0,5.13365735115431,19.3195625759417,2404,79235,3243,614,4.72312703583062,0,1.5,4.72312703583062,24.3760399334443,75.6239600665557,80.2585778219791,35.6014580801944,NA,9.8,10.6,25.5,5.3,5.4,70.722433460076,77.9467680608365,7.12739786522645,23.1391657493839,89.3333333333333,45.6532304892166
6081603300,Census Tract 6033; San Mateo County; California,-122.48577304,37.58083351,6408,88.0461922596754,67.0724094881398,2.49687890137328,0.0624219725343321,10.1279650436954,0,0.358926342072409,7.92759051186018,11.9538077403246,5039,72845,6395,1103,1.63191296464189,6.70897552130553,1.3,8.34088848594742,13.653502679103,86.346497320897,82.0112589559877,32.9275905118602,NA,9.6,8.5,24.1,5,4.7,69.9791666666667,75.7083333333333,7.31033672403176,27.7746052696413,95.3333333333333,43.8476496028405
6081603400,Census Tract 6034; San Mateo County; California,-122.46283501,37.59456205,5469,83.3607606509417,61.930883159627,0,0,9.72755531175718,0.274273176083379,1.09709270433352,10.3309562991406,16.6392393490583,3932,66250,5469,1146,10.2094240837696,0,5.2,10.2094240837696,22.1007121057986,77.8992878942014,76.7688233068483,38.069116840373,NA,9.2,8.4,22.8,4.9,4.7,67.1744471744472,79.6560196560197,7.38767343787571,28.2462687282128,91.3333333333333,65.2881933175315
6081603700,Census Tract 6037; San Mateo County; California,-122.44842731,37.63258089,5706,79.4251664914125,30.161233788994,1.43708377146863,0,38.3981773571679,3.43498072204697,1.15667718191377,4.83701366982124,20.5748335085874,4326,55717,5684,889,2.81214848143982,0,5.2,2.81214848143982,29.4960702727693,70.5039297272307,83.1906392694064,69.8387662110059,NA,8.3,9.4,20.6,4.4,6.1,58.6673607496096,78.6048932847475,11.6924759104366,38.9267759562842,100,NA
6081603801,Census Tract 6038.01; San Mateo County; California,-122.42819866,37.62009176,2057,75.6927564414195,29.4603791929995,1.26397666504618,0.631988332523092,40.8361691784152,0,0.923675255226057,2.57656781720953,24.3072435585805,1872,80786,2057,165,0,21.2121212121212,5.9,21.2121212121212,17.2542735042735,82.7457264957265,86.5576102418208,70.5396208070005,NA,8.2,7.9,20.1,4,5.6,53.257328990228,72.0684039087948,12.5079428407087,49.5689655172414,100,NA
6081603802,Census Tract 6038.02; San Mateo County; California,-122.43458147,37.61905387,5619,80.4947499555081,37.2842142730023,1.21017974728599,0.177967609894999,27.3358248798719,6.30005339028297,1.67289553301299,6.51361452215697,19.5052500444919,4014,60429,5619,1323,10.0529100529101,7.3318216175359,5.8,17.384731670446,26.1086198305929,73.8913801694071,83.8532110091743,62.7157857269977,NA,9.1,10.1,22.2,5.2,5.8,59.4994892747702,70.8375893769152,11.9173300119402,32.5459317585302,92,1.7998417721519
6081603900,Census Tract 6039; San Mateo County; California,-122.41716096,37.61422692,5494,84.7469967236986,46.4688751365126,5.58791408809611,0,22.3516563523844,0.509646887513651,1.1103021477976,8.71860211139425,15.2530032763014,4210,66134,5494,878,0,14.6924829157175,8,14.6924829157175,19.3824228028504,80.6175771971496,73.5929505400796,53.5311248634874,NA,8.8,8.5,21.8,4,6.3,64.5596590909091,66.0511363636364,12.9381580038977,41.2201638517428,99,12.3343807200734
6081604000,Census Tract 6040; San Mateo County; California,-122.42068005,37.62342648,3286,76.1716372489349,46.895922093731,0.0608642726719416,0,24.4674376141205,0,0,4.74741326841144,23.8283627510651,2544,70795,3286,524,0,0,1,0,29.6383647798742,70.3616352201258,83.5339431872894,53.104077906269,NA,9.2,9,22.3,4.3,5.4,63.6741479634248,83.2086450540316,12.9473404723179,25.7510729613734,100,NA
6081604102,Census Tract 6041.02; San Mateo County; California,-122.42570702,37.63326267,3091,80.6858621805241,19.8641216434811,0.744095761889356,0,47.816240698803,1.09996764801035,1.09996764801035,10.06146878033,19.3141378194759,2639,66866,3091,371,21.0242587601078,0,7,21.0242587601078,16.8245547555892,83.1754452444108,93.9670138888889,80.1358783565189,NA,8.2,8,19.3,3.1,5.4,48.7454100367197,21.9094247246022,12.2530965809313,34.9234719330627,84.6666666666667,3.81028510524913
6081604103,Census Tract 6041.03; San Mateo County; California,-122.4065374,37.61864176,4268,38.659793814433,12.6757263355201,0,0,21.0637300843486,3.09278350515464,1.82755388940956,0,61.340206185567,2825,42376,4243,884,0,28.2805429864253,1.8,28.2805429864253,52.5309734513274,47.4690265486726,84.2142857142857,87.3242736644798,NA,10,14.3,26.5,4.9,13.1,50.530035335689,32.2968197879859,13.356485211297,NA,99,NA
6081604104,Census Tract 6041.04; San Mateo County; California,-122.41384474,37.62900407,3621,44.5457056061861,18.5031759182546,0,0,19.0555095277548,3.86633526650097,0,3.12068489367578,55.4542943938139,2635,45805,3582,551,2.17785843920145,7.80399274047187,7.7,9.98185117967332,60.6831119544592,39.3168880455408,86.1670395227442,81.4968240817454,NA,9.3,12,25.6,4.5,12.9,52.326565143824,38.663282571912,13.3151608979303,49.2227979274611,99.5,NA
6081604200,Census Tract 6042; San Mateo County; California,-122.40611738,37.62738314,3761,53.7091199149163,10.9013560223345,0.398830098378091,0.106354692900824,33.3156075511832,5.66338739696889,0,3.32358415315076,46.2908800850837,2618,44135,3761,644,0,17.0807453416149,4.8,17.0807453416149,50.916730328495,49.083269671505,81.1542991755006,89.0986439776655,NA,8.8,9.6,25.3,3.6,10.9,53.1926406926407,80.3030303030303,12.7243886930509,40.6193041020705,84.3333333333333,3.81028510524913
6081604400,Census Tract 6044; San Mateo County; California,-122.39012724,37.60493518,5289,76.2336925694838,27.8691624125544,0,0,38.7407827566648,5.16165626772547,1.60710909434676,2.85498203819248,23.7663074305162,3977,47039,5100,915,1.63934426229508,3.82513661202186,12.8,5.46448087431694,32.4365099321096,67.5634900678904,86.5940991120023,72.1308375874456,NA,8,8.7,19.9,3.7,6.4,52.020202020202,46.2519936204147,12.9008434710557,43.8437154138841,83.5,22.3522690226332
6081604500,Census Tract 6045; San Mateo County; California,-122.41020309,37.60628161,3515,85.3769559032717,40.2844950213371,0.199146514935989,0,42.9302987197724,0,0,1.96301564722617,14.6230440967283,2651,67319,3485,627,2.23285486443381,0,5,2.23285486443381,24.2172764994342,75.7827235005658,84.3310775637689,59.7155049786629,NA,7.9,8.3,18,5,4.8,64.0839694656488,82.9770992366412,12.7396131311639,39.608023555392,100,12.3343807200734
6081604600,Census Tract 6046; San Mateo County; California,-122.41819292,37.60025867,2585,93.9651837524178,30.3288201160542,0,0,55.705996131528,0.425531914893617,0.270793036750484,7.23404255319149,6.03481624758221,1870,78016,2585,476,2.52100840336134,1.26050420168067,5.4,3.78151260504202,20.1069518716578,79.8930481283422,86.3546473302571,69.6711798839458,NA,7.2,6.2,16,3.7,4.1,58.3720930232558,90.8139534883721,12.0929556830726,33.6000659957103,100,35.9170671827137
6081604700,Census Tract 6047; San Mateo County; California,-122.40667705,37.59365586,2891,91.8021445866482,28.8135593220339,0.415081286751989,0,56.1051539259772,0,0.553441715669319,5.91490833621584,8.19785541335178,2080,81738,2891,564,0,6.73758865248227,3.7,6.73758865248227,17.9807692307692,82.0192307692308,82.9457364341085,71.1864406779661,NA,7.6,6.7,17.2,3.9,3.9,62.1808510638298,82.0212765957447,12.2810641304669,31.0160427807487,100,30.3847536857246
6081604800,Census Tract 6048; San Mateo County; California,-122.39780297,37.59954757,5165,89.9903194578896,35.5082284607938,1.25847047434656,0,49.0609874152953,0,0,4.16263310745402,10.0096805421104,3995,70512,5161,916,10.9170305676856,2.18340611353712,2.9,13.1004366812227,22.2277847309136,77.7722152690864,80.1158301158301,64.4917715392062,NA,8.2,9.6,18.6,4.6,5,61.9464188080918,37.944231820667,13.1640647599145,43.5567010309278,100,NA
6081604900,Census Tract 6049; San Mateo County; California,-122.39815169,37.58925118,3144,98.6323155216285,27.5127226463104,0.413486005089058,0.254452926208651,59.4147582697201,0,6.87022900763359,4.16666666666667,1.3676844783715,2431,68000,3128,570,0,5.6140350877193,3.4,5.6140350877193,21.8017276840806,78.1982723159194,73.3258300506472,72.4872773536896,NA,7.4,7.8,17,4,4.2,59.295415959253,72.3259762308998,11.4989832585759,32.7930561091183,98.5,34.5900146772484
6081605000,Census Tract 6050; San Mateo County; California,-122.38984541,37.5815237,8159,92.5358499816154,44.1475671038117,0.625076602524819,0,43.3999264615762,0.0980512317685991,0.318666503247947,3.94656207868611,7.46415001838461,5624,96346,7869,2049,2.48901903367496,4.68521229868228,3.6,7.17423133235725,17.2297297297297,82.7702702702703,81.4159292035398,55.8524328961883,NA,7.7,6.3,17.5,3.4,3.9,64.1835310537334,60.711793440335,10.0953210496134,25.8748832073388,67.5,54.7850484732496
6081605100,Census Tract 6051; San Mateo County; California,-122.37109391,37.59417913,2955,83.4856175972927,50.2199661590525,5.82064297800338,0,20.7783417935702,0,2.30118443316413,4.36548223350254,16.5143824027073,2117,78162,2955,743,0,12.3822341857335,2.7,12.3822341857335,14.2182333490789,85.7817666509211,81.9042316258352,49.7800338409475,NA,8.8,7.1,21.3,3.2,4.9,64.1784820683903,42.4520433694746,12.2122518882262,38.6454183266932,79,38.8188453881885
6081605200,Census Tract 6052; San Mateo County; California,-122.37670963,37.58345487,3653,92.0613194634547,58.3629893238434,1.20448946071722,0,27.8675061593211,0,0,4.62633451957295,7.9386805365453,2609,107802,3653,888,0.788288288288288,0,4,0.788288288288288,9.62054426983519,90.3794557301648,79.6618357487923,41.6370106761566,NA,9,8,21.4,4.6,3.4,71.8907260963336,85.334291876348,10.7361032440504,27.6361616525551,62,48.19848609574
6081605300,Census Tract 6053; San Mateo County; California,-122.36200186,37.5819348,5059,86.6574421822495,55.7422415497134,0.336034789484088,0.197667523225934,22.7317651709824,0,0.632536074322989,7.01719707452066,13.3425578177505,3436,100781,5048,1331,6.53643876784373,10.8189331329827,4.7,17.3553719008264,13.7077997671711,86.2922002328289,80.1792485349879,44.2577584502866,NA,8.9,7.5,21.7,3.9,4.1,65.4823651452282,52.0228215767635,11.3585285826632,31.8852459016393,42,41.2766352876907
6081605400,Census Tract 6054; San Mateo County; California,-122.3456675,37.58643054,6420,81.9470404984424,57.4299065420561,0,0,19.9065420560748,0.264797507788162,1.44859813084112,2.89719626168224,18.0529595015576,4954,82615,6420,1137,1.58311345646438,0,4.3,1.58311345646438,12.1921679450949,87.8078320549051,86.7869875222816,42.5700934579439,NA,8.9,7.8,21.9,3.5,5.3,68.6313868613139,47.2992700729927,12.0084835083334,38.2466423729941,89.5,19.4094226940942
6081605501,Census Tract 6055.01; San Mateo County; California,-122.35060804,37.57939887,2947,79.7760434340007,52.2565320665083,0.780454699694605,0.169664065151001,21.2758737699355,1.18764845605701,3.52901255514082,0.576857821513403,20.2239565659993,2487,72922,2947,354,22.316384180791,4.51977401129944,9.6,26.8361581920904,20.7076799356655,79.2923200643345,88.6343216531896,47.7434679334917,NA,8.7,7.4,21.7,3,5.7,57.3053892215569,17.3652694610778,13.4824500241391,NA,100,NA
6081605502,Census Tract 6055.02; San Mateo County; California,-122.34725398,37.57517393,2444,82.5286415711948,46.2765957446808,0.286415711947627,0.286415711947627,31.7103109656301,0,0,3.96890343698854,17.4713584288052,1810,93333,2429,459,0,10.4575163398693,4.4,10.4575163398693,13.9226519337017,86.0773480662983,84.3236409608091,53.7234042553192,NA,8.8,7,21.5,3.7,4.2,67.9844097995546,57.7951002227171,11.3933070462985,23.7704918032787,69,67.4946004319655
6081605600,Census Tract 6056; San Mateo County; California,-122.36913773,37.56484305,6148,94.5998698763826,50.6018217306441,0.439167208848406,0.113858165256994,30.530253741054,0.292778139232271,2.29342875731945,10.3285621340273,5.40013012361744,3916,108125,6114,1916,7.15031315240083,3.18371607515658,6.6,10.3340292275574,3.7538304392237,96.2461695607763,71.822308690013,49.3981782693559,NA,7.8,4.9,17.7,3.2,2.5,73.9687848383501,90.0222965440357,11.9773778181557,31.2144221474044,70.8333333333333,38.3827847123574
6081605700,Census Tract 6057; San Mateo County; California,-122.34826441,37.54801668,5009,95.7875823517668,54.1625074865243,0.339389099620683,0,34.8572569375125,0,0,6.4284288281094,4.21241764823318,3623,102754,5009,1045,0,1.81818181818182,4.8,1.81818181818182,7.47998895942589,92.5200110405741,74.9649368863955,45.8374925134757,NA,8.2,6.2,18.3,3.8,2.7,72.1121177802945,95.9796149490374,12.1402932216898,32.6108832918297,80,43.5593015439132
6081605800,Census Tract 6058; San Mateo County; California,-122.34520361,37.56799971,2559,92.4970691676436,73.4661977334897,0,0,9.61313012895662,0,0,9.41774130519734,7.50293083235639,1683,93906,2559,640,13.125,1.5625,6.5,14.6875,6.5359477124183,93.4640522875817,77.5305096913137,26.5338022665104,NA,9.3,7.9,22.1,5.1,3.4,82.0362473347548,69.7228144989339,10.9564446333491,30.8320163780591,57.6666666666667,43.6752349779778
6081605901,Census Tract 6059.01; San Mateo County; California,-122.3366086,37.57381512,2695,74.3228200371058,36.1410018552876,1.11317254174397,0.222634508348794,26.4192949907236,0.408163265306122,0,10.0185528756957,25.6771799628942,2045,74438,2695,554,25.6317689530686,11.5523465703971,5.2,37.1841155234657,23.0317848410758,76.9682151589242,82.2589238145978,63.8589981447124,NA,9.2,10.2,24.2,4.6,7.5,60.4166666666667,28.6347517730497,13.9033394591636,NA,78,NA
6081605902,Census Tract 6059.02; San Mateo County; California,-122.33035973,37.57023611,3437,58.6267093395403,17.0206575501891,2.29851614780332,4.07331975560081,28.9205702647658,0,1.57113762001746,4.7425080011638,41.3732906604597,2648,34554,3437,496,10.8870967741935,2.01612903225806,3.3,12.9032258064516,39.9924471299094,60.0075528700906,87.2177247550064,82.9793424498109,NA,9.5,12.1,24.4,5,10,51.6015625,26.71875,13.9033394591636,NA,78,NA
6081606000,Census Tract 6060; San Mateo County; California,-122.33112485,37.57969425,5299,70.0698244951878,31.4965087752406,1.83053406303076,0,27.5146254010191,0,0.188714851858841,9.0394414040385,29.9301755048122,3753,63094,5163,660,8.48484848484849,10.9090909090909,3.9,19.3939393939394,13.7490007993605,86.2509992006395,86.2857142857143,68.5034912247594,NA,8.8,8.7,22.3,3.7,8.5,58.9966832504146,41.7495854063018,12.9789753119629,47.8527607361963,98,NA
6081606100,Census Tract 6061; San Mateo County; California,-122.31553204,37.58116636,4922,48.0089394555059,20.0121901665989,0,0,18.7322226737099,4.99796830556684,0.223486387647298,4.04307192198293,51.9910605444941,3169,40042,4922,1114,19.3895870736086,24.7755834829443,3.9,44.165170556553,41.6850741558851,58.3149258441149,82.6530612244898,79.9878098334011,NA,10.1,13.1,26.3,5.5,10.7,51.7253521126761,54.7887323943662,11.392537620442,46.5277777777778,100,0.0942063118228921
6081606201,Census Tract 6062.01; San Mateo County; California,-122.32479682,37.57500696,4228,31.6698202459792,8.49101229895932,2.03405865657521,0,20.2223273415326,0.0473036896877956,0,0.875118259224219,68.3301797540208,2317,24259,4068,1089,14.7842056932966,39.2102846648301,2.8,53.9944903581267,56.9270608545533,43.0729391454467,74.251497005988,91.5089877010407,NA,10.1,14.5,29.2,5,18.7,45.7722174288179,23.7273511647972,14.0879364452338,NA,100,NA
6081606202,Census Tract 6062.02; San Mateo County; California,-122.31908927,37.57021166,3572,47.0884658454647,16.0974244120941,0.615901455767077,0,25.6159014557671,0.699888017917133,0,4.05935050391937,52.9115341545353,2470,58468,3539,717,0,52.4407252440725,1.7,52.4407252440725,27.5303643724696,72.4696356275304,82.4929407018959,83.9025755879059,NA,9.4,11.8,25.9,4.2,10.5,55.6506849315068,38.6986301369863,14.0879364452338,NA,100,NA
6081606300,Census Tract 6063; San Mateo County; California,-122.31936004,37.56534417,3794,75.5403268318397,37.2430152872957,2.39852398523985,0,21.5867158671587,0,4.4016868740116,9.9103848181339,24.4596731681603,2979,81507,3718,634,23.9747634069401,3.62776025236593,2.6,27.602523659306,20.7452165156093,79.2547834843907,88.2325581395349,62.7569847127043,NA,8.3,7.9,21,3.7,6.3,60.9445701357466,55.4864253393665,13.9999998957864,40.2203856749311,100,NA
6081606400,Census Tract 6064; San Mateo County; California,-122.32563731,37.56141566,4693,85.9151928404006,41.615171532069,3.04709141274238,0,33.8802471766461,0,0,7.37268271894311,14.0848071595994,3855,87557,4693,692,0,5.92485549132948,0,5.92485549132948,12.5291828793774,87.4708171206226,80.8330391810801,58.384828467931,NA,8.1,6,19.1,3.4,4.2,58.3098023396531,34.0459862847922,12.3012931999313,39.9207131100637,87,19.8558695239901
6081606500,Census Tract 6065; San Mateo County; California,-122.3309478,37.55331791,3313,94.2348324781165,67.2200422577724,0.664050709326894,0.12073649260489,18.4726833685481,0.0301841231512225,0,7.72713552671295,5.76516752188349,2379,112500,3313,801,0,0,3,0,8.61706599411517,91.3829340058848,85.5466666666667,32.7799577422276,NA,8.6,6.6,20.5,3.9,2.7,74.4357976653696,83.1128404669261,11.7317096259649,33.8784481811188,74,19.8558695239901
6081606600,Census Tract 6066; San Mateo County; California,-122.31704562,37.55289155,3682,89.1634980988593,57.1700162954916,0,0,23.2210755024443,0,0.896252036936448,7.87615426398696,10.8365019011407,2633,104811,3682,764,0,0,1.2,0,14.9639194834789,85.0360805165211,79.0134946486738,42.8299837045084,NA,8.8,8,21.2,3.7,4.8,72.554347826087,62.3641304347826,13.7327571305689,32.4503311258278,100,NA
6081606700,Census Tract 6067; San Mateo County; California,-122.323544,37.54043627,2444,90.139116202946,52.9459901800327,1.75941080196399,0,28.3142389525368,0,0,7.11947626841244,9.86088379705401,1754,87303,2444,559,0,3.04114490161002,2.1,3.04114490161002,14.6522234891676,85.3477765108324,86.150409530901,47.0540098199673,NA,8.3,6.6,19.9,3.9,3.1,69.5881731784583,74.6568109820486,12.3740214203623,29.0155440414508,77,NA
6081606800,Census Tract 6068; San Mateo County; California,-122.33778397,37.52952628,3610,93.185595567867,45.0692520775623,0.0277008310249308,0,40.1939058171745,0,2.10526315789474,5.78947368421053,6.81440443213296,2578,99750,3592,768,0,0,6.1,0,12.8394103956555,87.1605896043445,80.0188946622579,54.9307479224377,NA,8.1,7,18.8,4.1,3.4,65.8574784651527,69.1464369616288,11.2749923562104,35.0627884148887,78.5,18.4158753927928
6081606900,Census Tract 6069; San Mateo County; California,-122.34573424,37.52003265,2607,91.4844649021864,52.5508247027234,2.26313770617568,0,28.9604909858074,0,0,7.71001150747986,8.51553509781358,1908,90833,2553,522,2.10727969348659,1.91570881226054,5.1,4.02298850574713,4.55974842767296,95.440251572327,79.6010296010296,47.4491752972766,NA,8.3,7,19.5,3.8,3,72.2926267281106,82.6036866359447,11.2805491118936,30.2172975397504,85.6666666666667,43.5593015439132
6081607000,Census Tract 6070; San Mateo County; California,-122.32323232,37.52471292,3377,90.8202546639029,46.4613562333432,1.33254367782055,0,33.8762214983713,0,6.51465798045603,2.63547527391176,9.17974533609713,2492,110000,3377,725,1.51724137931034,0,1.8,1.51724137931034,11.3162118780096,88.6837881219904,87.9120879120879,53.5386437666568,NA,8.8,8.8,20.5,4.7,4,68.4306569343066,67.2992700729927,11.8672009559641,25.2214645338092,100,18.613935544065
6081607100,Census Tract 6071; San Mateo County; California,-122.30473162,37.52719778,2797,85.8419735430819,59.8855917053986,0.178762960314623,0,22.0235967107615,0,0,3.75402216660708,14.1580264569181,2088,91528,2733,521,0,0,8.2,0,12.2126436781609,87.7873563218391,83.0166270783848,40.1144082946014,NA,8.4,6.7,19.9,3.8,3.1,74.0059642147117,78.3300198807157,12.9486370320891,20.7373271889401,100,0.625217089267107
6081607200,Census Tract 6072; San Mateo County; California,-122.297504,37.53320388,4629,47.7856988550443,22.1214085115576,0.432058759991359,0,21.6677468135666,2.37632317995247,0.540073449989198,0.648088139987038,52.2143011449557,2977,46538,4524,991,16.5489404641776,28.0524722502523,4.8,44.6014127144299,31.9113201209271,68.0886798790729,82.6979472140763,77.8785914884424,NA,9,9.8,23.5,3.9,9.2,56.4545454545455,30.4848484848485,13.2971870512953,46.0606060606061,95,NA
6081607300,Census Tract 6073; San Mateo County; California,-122.31197597,37.53423436,3939,85.5293221629855,52.2721502919523,0.685453160700685,0,24.3970550901244,0,1.5993907083016,6.57527291190658,14.4706778370145,2706,94344,3939,857,0,0,5.7,0,12.6016260162602,87.3983739837398,83.4281072298944,47.7278497080477,NA,8.9,8.2,21.4,4.7,4.1,70.9432454036771,86.1710631494804,13.0932083513754,30.8823529411765,100,NA
6081607400,Census Tract 6074; San Mateo County; California,-122.31226327,37.54427055,4749,80.5853863971362,50.28427037271,0.252684775742262,0.463255422194146,23.5417982733207,1.26342387871131,0.189513581806696,4.59044009265108,19.4146136028638,3743,73819,4647,643,6.22083981337481,20.3732503888025,10.4,26.5940902021773,18.5145605129575,81.4854394870425,85.3578463558766,49.71572962729,NA,8.9,9.2,21.8,4.4,5.4,61.1417125688533,44.7671507260891,13.5042456171514,44.5,100,NA
6081607500,Census Tract 6075; San Mateo County; California,-122.29977998,37.54673988,6298,69.1330581136869,25.9129882502382,1.5242934264846,0,37.2657986662432,0.555731978405843,0.12702445220705,3.74722134010797,30.8669418863131,4636,106637,6275,1206,5.14096185737977,6.88225538971808,2.7,12.0232172470978,19.8231233822261,80.1768766177739,83.8486486486486,74.0870117497618,NA,8.3,8.5,19.4,2.7,5,61.2465591820684,32.0487613055446,13.6791787228465,34.4488188976378,100,NA
6081607600,Census Tract 6076; San Mateo County; California,-122.30669459,37.55811148,4352,73.2306985294118,35.15625,0.942095588235294,0,24.4485294117647,5.49172794117647,0.988051470588235,6.20404411764706,26.7693014705882,3126,81439,4338,924,24.025974025974,11.038961038961,6.5,35.0649350649351,28.4708893154191,71.5291106845809,89.2452830188679,64.84375,NA,8.7,9.1,22.4,3.9,5.9,55.143475906876,39.5776935571197,13.9347656349307,31.9277108433735,100,NA
6081607701,Census Tract 6077.01; San Mateo County; California,-122.30347118,37.5710797,4472,75.4472271914132,26.0509838998211,1.29695885509839,0,28.242397137746,10.0178890876565,1.02862254025045,8.81037567084079,24.5527728085868,3468,49601,4459,680,5.29411764705882,28.0882352941176,5,33.3823529411765,21.3379469434833,78.6620530565167,81.9879919946631,73.9490161001789,NA,9.3,11.1,24.7,4.6,8.9,58.6109142452162,61.3749114103473,11.8730877105188,43.2993498817967,100,0.0942063118228921
6081607702,Census Tract 6077.02; San Mateo County; California,-122.30267654,37.56492295,3038,66.0961158657011,26.7939433838051,0.822909809084924,0.164581961816985,21.4944042132982,13.1994733377222,1.18499012508229,2.43581303489138,33.9038841342989,2341,46725,3033,371,0,5.12129380053908,4.8,5.12129380053908,48.3981204613413,51.6018795386587,78.3930510314875,73.2060566161949,NA,9.2,12.1,25.8,5.4,10.3,57.6208178438662,80.2973977695167,13.9137218982306,51.1494252873563,100,NA
6081607800,Census Tract 6078; San Mateo County; California,-122.29494736,37.56086057,3564,82.8843995510662,38.973063973064,3.00224466891134,0.140291806958474,33.5297418630752,0,1.37485970819304,5.8641975308642,17.1156004489338,2837,64662,3513,586,7.33788395904437,0,4,7.33788395904437,25.978145928798,74.021854071202,85.1154027319831,61.026936026936,NA,8.8,9.2,21.7,4.6,6.6,60.3160667251975,93.0640913081651,13.6748417063573,37.3271889400922,100,NA
6081607900,Census Tract 6079; San Mateo County; California,-122.28632694,37.56144961,2986,93.2016075016745,49.2967180174146,3.91828533154722,0,31.8151373074347,0,0.803750837240455,7.36771600803751,6.79839249832552,2479,111359,2986,394,0,0,2.2,0,10.0040338846309,89.9959661153691,86.6632860040568,50.7032819825854,NA,8,6.2,18.8,3,3.8,63.5331781140861,50.34924330617,12.497324641253,43.0722891566265,96.5,0
6081608001,Census Tract 6080.01; San Mateo County; California,-122.25846881,37.55148261,3539,90.6753320146934,44.8431760384289,0.847697089573326,0,39.6439672223792,0,3.58858434586041,1.75190731845154,9.32466798530658,2643,103452,3539,839,8.22407628128725,7.62812872467223,3.2,15.8522050059595,6.20506999621642,93.7949300037836,81.871609403255,55.1568239615711,NA,7.5,6.1,16.8,3,3.8,61.4634146341463,40.9059233449477,11.9700348774197,34.7670250896057,100,NA
6081608002,Census Tract 6080.02; San Mateo County; California,-122.26720827,37.5488887,3539,92.7098050296694,36.450974851653,0.310822266176886,0,47.5275501554111,0,0.141282848262221,8.27917490816615,7.2901949703306,2585,91750,3539,853,1.05509964830012,3.51699882766706,3.9,4.57209847596717,6.61508704061896,93.384912959381,82.9539438856538,63.549025148347,NA,7.4,5.7,16.6,3,3.2,61.6153846153846,80.6153846153846,11.1106587733971,27.3764258555133,100,NA
6081608013,Census Tract 6080.13; San Mateo County; California,-122.26141342,37.54064518,3778,95.3414505029116,30.7305452620434,2.19692959237692,0,53.4145050291159,0,1.74695606140815,7.25251455796718,4.65854949708841,2878,83242,3778,758,1.05540897097625,0,4.4,1.05540897097625,12.3349548297429,87.6650451702571,77.6168804302855,69.2694547379566,NA,7.6,6.3,17.3,2.8,3.9,58.1218274111675,53.952139231327,12.0614393608006,45.6273764258555,100,NA
6081608023,Census Tract 6080.23; San Mateo County; California,-122.2707468,37.54141668,2288,92.8321678321678,36.2762237762238,0.218531468531469,0,53.277972027972,0,0.699300699300699,2.36013986013986,7.16783216783217,1674,87667,2288,476,0,0,4.3,0,9.49820788530466,90.5017921146953,84.4387755102041,63.7237762237762,NA,7.4,6,16.5,3.7,3.2,63.3928571428571,85.7142857142857,11.5205925477273,20.625,100,NA
6081608024,Census Tract 6080.24; San Mateo County; California,-122.27837801,37.54994519,3227,98.4195847536412,31.2674310505113,0.371862410907964,0.123954136969321,60.3656647040595,0,1.0226216299969,5.26805082119616,1.58041524635885,2313,118814,3227,742,0,0,4.7,0,7.91180285343709,92.0881971465629,90.8464566929134,68.7325689494887,NA,7.4,6.5,16.5,3.2,3.5,57.1537872991584,61.8209640397858,11.5724631128495,NA,93,0
6081608025,Census Tract 6080.25; San Mateo County; California,-122.27461417,37.56347011,6235,95.2846832397755,27.3616680032077,1.5878107457899,0.433039294306335,62.6784282277466,0.304731355252606,0,2.91900561347233,4.71531676022454,4411,95263,6030,1201,8.24313072439634,0,2.8,8.24313072439634,14.282475629109,85.717524370891,79.6504043829898,72.6383319967923,NA,7.5,7.5,16.8,2.8,4.2,56.3748079877112,14.1321044546851,11.5724631128495,NA,93,0
6081608100,Census Tract 6081; San Mateo County; California,-122.26194715,37.56125001,3364,94.2330558858502,22.8596908442331,3.38882282996433,0,56.6884661117717,0,0.178359096313912,11.1177170035672,5.76694411414982,2505,109340,3352,729,0,0.823045267489712,5.5,0.823045267489712,7.18562874251497,92.814371257485,86.7789688616641,77.1403091557669,NA,7.3,5.5,16.3,2.6,3.3,59.8496835443038,69.3829113924051,11.3904067016872,30.9433962264151,100,NA
6081608200,Census Tract 6082; San Mateo County; California,-122.25939639,37.56747132,3760,84.1755319148936,29.3617021276596,1.75531914893617,0.425531914893617,40.6382978723404,0.718085106382979,0.664893617021277,10.6117021276596,15.8244680851064,2676,103684,3719,874,0,5.720823798627,5.5,5.720823798627,17.339312406577,82.660687593423,82.2648572765559,70.6382978723404,NA,7.6,6.4,17.5,3.3,4,63.500347947112,55.1844119693807,10.2828473785267,31.5412186379928,100,5.92141671278362
6081608300,Census Tract 6083; San Mateo County; California,-122.25096296,37.55669488,3234,94.9907235621521,21.9542362399505,1.73160173160173,0,66.3265306122449,0,0.927643784786642,4.05071119356834,5.00927643784787,2364,118164,3228,609,1.64203612479475,0,9.8,1.64203612479475,7.27580372250423,92.7241962774958,88.8780487804878,78.0457637600495,NA,7.3,5.5,16.5,2.5,3.6,58.3025830258303,50.479704797048,11.0077087332488,41.2451361867704,100,NA
6081608400,Census Tract 6084; San Mateo County; California,-122.28479562,37.54609398,4938,79.3236127987039,37.1202916160389,5.42729850141758,0.162008910490077,32.9485621709194,0,2.3086269744836,1.35682462535439,20.6763872012961,3883,75226,4843,651,0,5.37634408602151,6.6,5.37634408602151,16.8168941540046,83.1831058459954,86.562860438293,62.8797083839611,NA,8,6.5,20,2.7,7,61.2983151635283,35.7284440039643,12.9593398028857,41.9501133786848,100,NA
6081608501,Census Tract 6085.01; San Mateo County; California,-122.28889388,37.53742633,5038,63.4577213179833,34.1603811036126,1.46883684001588,0,20.9408495434696,0.694720127034538,0.893211591901548,5.29972211194919,36.5422786820167,3672,62101,5033,1035,0,3.18840579710145,3.9,3.18840579710145,27.2875816993464,72.7124183006536,84.8430493273543,65.8396188963874,NA,9.1,9.5,22.5,4.3,6.1,61.9839802834258,58.1638940234134,12.9265916793307,34.9961786554704,98,NA
6081608502,Census Tract 6085.02; San Mateo County; California,-122.28261497,37.53176125,2539,87.4753840094525,36.7861362741237,1.220953131154,0,40.9610082709728,1.02402520677432,1.10279637652619,6.38046474990154,12.5246159905475,2124,72006,2531,302,0,16.887417218543,6.9,16.887417218543,10.4990583804143,89.5009416195857,92.9510155316607,63.2138637258763,NA,8.3,6.6,19.6,3,4.9,59.2186128182616,54.5215100965759,13.229516233641,33.6170212765957,100,NA
6081608600,Census Tract 6086; San Mateo County; California,-122.27353677,37.52689,4666,81.2473210458637,41.555936562366,2.20745820831547,0,28.5040720102872,5.61508786969567,0.257179597085298,3.10758679811402,18.7526789541363,3408,79500,4657,976,2.04918032786885,12.5,10.2,14.5491803278689,17.4295774647887,82.5704225352113,85.377358490566,58.444063437634,NA,8.6,8.3,21,3.2,5.9,60.6758832565284,32.1044546850998,12.6717974092939,30.9761731022798,99.5,4.27541635595327
6081608700,Census Tract 6087; San Mateo County; California,-122.28831475,37.52080847,7101,87.4383889593015,47.9228277707365,1.84481059005774,0.661878608646669,29.6718772003943,0.112660188705816,0,7.22433460076046,12.5616110406985,4990,130586,6793,1617,0,1.79344465058751,1.8,1.79344465058751,7.95591182364729,92.0440881763527,81.8303871112106,52.0771722292635,NA,8.4,6.2,19.5,3.1,4.1,66.2892622352082,68.2615047479912,12.8251685504332,28.2477522912192,98,NA
6081608800,Census Tract 6088; San Mateo County; California,-122.31092462,37.51650727,6050,88.495867768595,51.6198347107438,0.975206611570248,0,27.0743801652893,0,1.52066115702479,7.30578512396694,11.504132231405,4151,118118,6050,1626,0,0,4.5,0,9.61214165261383,90.3878583473862,82.7693175408911,48.3801652892562,NA,8.3,5.6,19.2,3.2,2.9,76.2598814229249,89.4762845849802,12.2276796480058,23.7267520855195,100,12.6176960591324
6081608900,Census Tract 6089; San Mateo County; California,-122.31041481,37.50454815,7181,86.4085781924523,43.7822030357889,0.5013229355243,0.264587104860047,33.7000417769113,0,1.37863807269183,6.78178526667595,13.5914218075477,5323,100708,7118,1543,15.2300712896954,6.7401166558652,10.9,21.9701879455606,10.3137328574112,89.6862671425888,85.3982300884956,56.2177969642111,NA,8.8,8.1,21,4.2,4.7,62.3728813559322,35.4576271186441,10.0334228682958,33.3455433455433,100,24.1959738175452
6081609000,Census Tract 6090; San Mateo County; California,-122.28027252,37.51338693,2786,85.2117731514716,46.1952620244078,3.30222541277818,0,22.9720028715004,0,5.0251256281407,7.71715721464465,14.7882268485284,2026,77371,2707,639,0.782472613458529,1.25195618153365,6,2.03442879499218,20.2369200394867,79.7630799605133,77.7560339204175,53.8047379755922,NA,8.7,7.9,20.9,4.3,4.5,63.1469979296066,65.8385093167702,12.6131070983657,25.4285691745754,99,1.65665769310416
6081609100,Census Tract 6091; San Mateo County; California,-122.25530769,37.51016772,1570,84.2675159235669,45.2866242038217,0.382165605095541,0.127388535031847,30.9554140127389,0,0.254777070063694,7.26114649681529,15.7324840764331,1123,95521,1570,340,0,14.4117647058824,6.3,14.4117647058824,21.193232413179,78.806767586821,83.7863167760075,54.7133757961783,NA,8.9,8.4,23.3,3.8,5.5,63.5957066189624,71.1985688729875,11.7159893497655,33.6923531596797,96.5,4.27541635595327
6081609201,Census Tract 6092.01; San Mateo County; California,-122.25663349,37.49911343,3494,91.8431597023469,60.2461362335432,0.343445907269605,0,18.9753863766457,6.98340011448197,1.11619919862622,4.17859187178019,8.15684029765312,2623,101065,3479,782,5.37084398976982,0,3.2,5.37084398976982,13.4578726648875,86.5421273351125,89.2241379310345,39.7538637664568,NA,8.6,6,20.6,3.1,4,71.5700141442716,56.1527581329562,12.9149041773717,27.007299270073,100,NA
6081609202,Census Tract 6092.02; San Mateo County; California,-122.2659497,37.50781493,5030,81.2127236580517,47.6739562624254,1.43141153081511,0,20.2982107355865,0,1.63021868787276,10.1789264413519,18.7872763419483,3811,105144,5030,999,13.6136136136136,11.9119119119119,3.4,25.5255255255255,19.7848333770664,80.2151666229336,87.0699881376038,52.3260437375746,NA,9.5,10.9,23.1,4.9,5.6,64.3732970027248,32.1980018165304,12.8040983491412,35.4460093896714,100,NA
6081609300,Census Tract 6093; San Mateo County; California,-122.25185447,37.49080486,3423,85.4513584574934,60.3856266432954,0,0,18.3464796961729,0,3.06748466257669,3.65176745544844,14.5486415425066,2234,104515,3364,932,2.78969957081545,2.46781115879828,5.2,5.25751072961373,6.80393912264995,93.19606087735,84.6321525885559,39.6143733567046,NA,9,6.6,21.7,3.8,3.1,74.0484429065744,80.6228373702422,12.9174415280056,28.1353301218592,90,NA
6081609400,Census Tract 6094; San Mateo County; California,-122.26319708,37.49477706,3414,92.7943760984183,60.4862331575864,0.585823081429408,0,19.8886936145284,0,0.761570005858231,11.0720562390158,7.20562390158172,2099,107091,3414,1071,0,5.60224089635854,3.5,5.60224089635854,11.576941400667,88.423058599333,89.922480620155,39.5137668424136,NA,8.8,5.4,21,3.3,3.2,82.7783063748811,87.5356803044719,12.7850493157584,25.4716981132075,91,NA
6081609500,Census Tract 6095; San Mateo County; California,-122.27754583,37.50485284,4971,88.3524441762221,56.4071615369141,0.683967008650171,0,21.0219271776303,0,2.13236773285053,8.10702072017703,11.6475558237779,3381,101853,4928,1258,0,3.49761526232114,5.1,3.49761526232114,6.35906536527655,93.6409346347235,79.8685575925285,43.5928384630859,NA,8.8,8.2,21.6,4.1,3.3,72.7866904337493,84.3731431966726,12.4589123196373,22.1945778997941,100,1.65665769310416
6081609601,Census Tract 6096.01; San Mateo County; California,-122.28312445,37.49533186,3609,92.1030756442228,60.6539207536714,1.77334441673594,0.138542532557495,24.6882793017456,0,0,4.84898863951233,7.89692435577722,2389,108256,3609,946,9.61945031712474,1.05708245243129,9.7,10.676532769556,6.02762662201758,93.9723733779824,83.1524303916942,39.3460792463286,NA,9.1,8.2,21.5,4.6,3.6,72.914979757085,76.1133603238867,10.0334228682958,33.3455433455433,100,24.1959738175452
6081609602,Census Tract 6096.02; San Mateo County; California,-122.27612514,37.48893097,1750,88.4571428571429,52.9714285714286,2.57142857142857,0,23.4285714285714,0,0,9.48571428571429,11.5428571428571,1270,128636,1728,331,0,0,4.8,0,7.55905511811024,92.4409448818898,80.1192842942346,47.0285714285714,NA,8.5,6.9,20.7,3.9,3.2,72.7422003284072,81.4449917898194,10.8348932990049,19.53125,100,79.004199160168
6081609603,Census Tract 6096.03; San Mateo County; California,-122.28157805,37.48151865,4580,95.6986899563319,70.5240174672489,1.04803493449782,0.174672489082969,18.9737991266376,0,0.786026200873363,4.19213973799127,4.30131004366812,3572,102616,4576,811,0,0,3,0,11.7301231802912,88.2698768197088,81.7818617658809,29.4759825327511,NA,9.1,7.6,21.8,4.9,3.4,78.8373424971363,85.0515463917526,9.72281370113459,30.1587301587302,99,46.1261596507286
6081609700,Census Tract 6097; San Mateo County; California,-122.27450716,37.46529222,4596,88.207136640557,71.1923411662315,0.282854656222802,0,10.3350739773716,0,0,6.39686684073107,11.792863359443,3412,129333,4593,974,0,0,2.4,0,6.03751465416178,93.9624853458382,84.6998535871157,28.8076588337685,NA,8.9,6.1,21.3,4.1,2.8,82.6112759643917,92.6409495548961,9.2736341792303,24.7980309085607,66,63.157550340038
6081609800,Census Tract 6098; San Mateo County; California,-122.25317038,37.47219538,4504,83.7699822380107,54.2184724689165,2.04262877442274,0,21.4698046181172,0.11101243339254,0.510657193605684,5.41740674955595,16.2300177619893,3252,100060,4500,943,1.90880169671262,0,5.5,1.90880169671262,14.7293972939729,85.2706027060271,81.1204911742134,45.7815275310835,NA,9.3,9.1,23.6,4.5,4.3,73.2365145228216,84.4101956135151,10.9731045686148,26.8545994065282,97,57.9943459294712
6081609900,Census Tract 6099; San Mateo County; California,-122.24805981,37.48022115,2971,89.3301918545944,68.6300908784921,4.91417031302592,0,7.37125546953888,1.04341972399865,0.875126220127903,6.49612924941097,10.6698081454056,2216,109750,2971,673,0,0,1.6,0,9.74729241877256,90.2527075812274,73.7564322469983,31.3699091215079,NA,9.4,7.2,22.7,4.7,3.8,77.1547729379055,78.7766450417053,12.9157247457914,34.8837209302326,100,1.42663043478261
6081610000,Census Tract 6100; San Mateo County; California,-122.24116377,37.4843168,4673,81.2968114701477,57.9927241600685,1.32677081104216,0,11.4701476567516,0,0.577787288679649,9.92938155360582,18.7031885298523,3501,95750,4653,964,0,5.18672199170125,0,5.18672199170125,14.0245644101685,85.9754355898315,90.0692041522491,42.0072758399315,NA,9.5,9.3,23.2,4.5,5.3,73.2369355657027,38.2039573820396,13.0051434764071,34.5864661654135,95,NA
6081610100,Census Tract 6101; San Mateo County; California,-122.23873707,37.49311472,2543,58.0023594180102,42.6661423515533,0.314589068029886,0,6.09516319307904,2.59535981124656,0.511207235548565,5.81989775855289,41.9976405819898,1922,51131,2543,494,4.45344129554656,15.3846153846154,5.3,19.8380566801619,36.0041623309053,63.9958376690947,86.6518353726363,57.3338576484467,NA,9.8,11.6,26.5,4.1,9.9,62.4860646599777,46.5997770345596,13.0388861519511,44.8648648648649,100,NA
6081610201,Census Tract 6102.01; San Mateo County; California,-122.21373533,37.48481447,5433,24.2039388919566,12.4608871709921,2.79771765138966,0.0736241487207804,4.96963003865268,2.72409350266888,0.717835450027609,0.460150929504878,75.7960611080434,3538,35321,5428,1339,6.72143390589993,30.5451829723674,0.7,37.2666168782674,54.9462973431317,45.0537026568683,83.6597486115171,87.5391128290079,NA,9.9,12.9,28.1,4.9,16.2,50.7543103448276,19.7737068965517,12.9611707089001,56.9832402234637,100,NA
6081610202,Census Tract 6102.02; San Mateo County; California,-122.22939028,37.48973948,4971,79.4206397103198,35.0633675316838,4.90846912090123,0.16093341380004,32.7700663850332,0.28163347415007,2.05190102595051,4.18426875880105,20.5793602896801,4258,107474,4468,226,42.4778761061947,6.19469026548673,2,48.6725663716814,17.3790511977454,82.6209488022546,89.8230088495575,64.9366324683162,NA,8.5,8.5,21.1,2.7,6.3,59.0163934426229,2.19912035185926,12.6950935069893,52.2766404001558,98.5,NA
6081610203,Census Tract 6102.03; San Mateo County; California,-122.22329867,37.47984301,2815,24.5470692717584,12.0781527531083,1.84724689165187,0,2.23801065719361,6.28774422735346,0,2.09591474245115,75.4529307282416,1847,37146,2815,626,7.66773162939297,28.4345047923323,6.2,36.1022364217252,59.0687601515972,40.9312398484028,84.3653250773994,87.9218472468916,NA,10,12.5,29.3,3.8,18.1,51.3966480446927,8.93854748603352,12.7547375997435,62.8738210259949,96,NA
6081610302,Census Tract 6103.02; San Mateo County; California,-122.21062671,37.51202529,4698,47.6372924648787,28.1822051936994,1.85185185185185,0.0638569604086845,13.9846743295019,0.851426138782461,0.446998722860792,2.25627926777352,52.3627075351213,3487,59943,4579,948,2.32067510548523,44.3037974683544,2.2,46.6244725738397,44.9670203613421,55.0329796386579,82.2591587516961,71.8177948063006,NA,9.5,10.6,25.7,4,10.4,65.6407035175879,47.4874371859297,10.8294389251989,41.7552424504594,95.6666666666667,0
6081610303,Census Tract 6103.03; San Mateo County; California,-122.23938928,37.54108778,7125,92.9263157894737,37.5438596491228,0.687719298245614,0.407017543859649,46.4701754385965,0.168421052631579,1.06666666666667,6.58245614035088,7.07368421052632,5166,126316,7125,1615,0,0,6.2,0,6.36856368563686,93.6314363143631,77.2484416740873,62.4561403508772,NA,7.5,4.9,17,2.2,3.1,65.4593639575972,65.5830388692579,11.7057229891618,31.9410807538031,100,41.6687877853921
6081610304,Census Tract 6103.04; San Mateo County; California,-122.25562258,37.52888358,4495,94.5494994438265,42.0467185761958,0.200222469410456,0,43.6262513904338,1.53503893214683,0,7.1412680756396,5.45050055617353,3223,118648,4495,1144,3.23426573426573,1.13636363636364,3.6,4.37062937062937,8.09804529941049,91.9019547005895,81.1659192825112,57.9532814238042,NA,8.2,6.4,19.1,3.3,3.3,67.6832680470062,66.0324566312255,12.5395285573492,34.8711082935345,99,4.27541635595327
6081610400,Census Tract 6104; San Mateo County; California,-122.19148779,37.4825216,5768,31.0159500693481,17.1463245492372,1.05755894590846,0.225381414701803,8.2004160887656,2.23647711511789,0.13869625520111,2.01109570041609,68.9840499306519,3405,44715,5690,1844,18.1127982646421,44.6854663774403,1,62.7982646420824,52.9515418502203,47.0484581497797,80.9630102040816,82.8536754507628,NA,10.5,14.9,32.1,5.8,18.8,56.8291008922443,54.0150995195607,11.7056782067635,51.8272425249169,59,NA
6081610500,Census Tract 6105; San Mateo County; California,-122.20431252,37.47976006,4485,22.2519509476031,12.3076923076923,1.96209587513935,0,6.80044593088071,0,0,1.18171683389075,77.7480490523969,3178,45060,4485,774,41.4728682170543,5.68475452196382,7.8,47.1576227390181,57.8351164254248,42.1648835745752,70.8055925432756,87.6923076923077,NA,9.9,13.4,29.3,4.9,17.8,52.326468344775,56.5217391304348,12.576604124989,53.2608695652174,93,NA
6081610601,Census Tract 6106.01; San Mateo County; California,-122.20913126,37.47138833,6133,14.9192890917985,9.11462579488016,0.293494211641937,0,4.53285504646992,0,0,0.978314038806457,85.0807109082015,3899,39414,6018,1598,6.63329161451815,17.334167709637,6.1,23.9674593241552,59.5537317260836,40.4462682739164,75.8266533066132,90.8853742051198,NA,9.8,12.6,28.9,4.2,18.4,53.0687124749833,28.285523682455,12.3944946567079,42.2083954501855,65,NA
6081610602,Census Tract 6106.02; San Mateo County; California,-122.19761366,37.47457598,2709,62.2369878183832,46.9176818014027,0,0,9.56072351421188,0,0.2953119232189,5.46327057954965,37.7630121816168,1827,64894,2709,490,7.34693877551021,0,8.8,7.34693877551021,23.5905856595512,76.4094143404488,78.5123966942149,53.0823181985973,NA,9.4,9,24.8,4.1,8.4,65.2764306498545,79.0494665373424,11.9708270896423,34.7466467958271,44,NA
6081610700,Census Tract 6107; San Mateo County; California,-122.21922584,37.46996947,6064,62.9782321899736,33.7401055408971,1.92941952506596,0,21.1411609498681,0.280343007915567,1.38522427440633,4.50197889182058,37.0217678100264,4386,36753,6040,1010,0,22.5742574257426,6.2,22.5742574257426,41.5184678522572,58.4815321477428,70.3449905482042,66.2598944591029,NA,10.1,12.7,27.3,6.2,11.3,58.4130982367758,46.095717884131,12.7943405840409,59.5334541902066,79.5,NA
6081610800,Census Tract 6108; San Mateo County; California,-122.22601321,37.47022405,4435,31.0259301014656,21.1950394588501,0.721533258173619,0,6.62908680947012,1.51071025930101,0.360766629086809,0.608793686583991,68.9740698985344,3061,44688,4378,893,13.1019036954087,32.1388577827548,5.5,45.2407614781635,45.7040182946749,54.2959817053251,82.1984435797665,78.80496054115,NA,9.9,12.2,27.1,4.5,14.1,56.8707482993197,14.2176870748299,12.8660084352936,66.4100529100529,99.5,NA
6081610901,Census Tract 6109.01; San Mateo County; California,-122.23420895,37.47887943,2962,67.9608372721134,47.2653612424038,0,0,13.5719108710331,0,0,7.12356515867657,32.0391627278866,2121,65281,2962,644,0,11.1801242236025,1,11.1801242236025,21.027817067421,78.972182932579,88.4909264565425,52.7346387575962,NA,9.6,11.5,27,4.2,10.7,62.9560685033507,32.0923306031273,12.9719036088773,NA,88,NA
6081610902,Census Tract 6109.02; San Mateo County; California,-122.2300507,37.47457469,2839,61.9584360690384,27.5449101796407,5.77668193025713,0.493131384290243,22.120464952448,0,0.774920746741811,5.24832687566044,38.0415639309616,2171,51532,2837,418,32.0574162679426,33.0143540669856,12.1,65.0717703349282,31.3219714417319,68.6780285582681,82.4526420737787,72.4550898203593,NA,9.1,9.6,25.4,3.5,9.1,62.027027027027,36.6666666666667,12.8855247024832,60.3333333333333,94,NA
6081611000,Census Tract 6110; San Mateo County; California,-122.23370783,37.46636635,6723,52.4765729585007,37.468392086866,3.03435966086569,0,7.34791015915514,0,0.758589915216421,3.86732113639744,47.5234270414993,4703,56453,6703,1488,13.239247311828,21.7741935483871,3,35.0134408602151,35.3604082500532,64.6395917499468,77.5623939907923,62.531607913134,NA,9.4,9.9,23.9,3.9,8.1,64.3143365983971,42.8762243989314,12.8193182875406,38.5356104651163,96.5,1.42663043478261
6081611100,Census Tract 6111; San Mateo County; California,-122.25278573,37.45756749,6415,81.8394388152767,55.448168355417,4.8012470771629,0.38971161340608,11.5822291504287,0,0.857365549493375,8.76071706936867,18.1605611847233,4484,97813,6383,1667,0,0,4.2,0,8.18465655664585,91.8153434433542,82.5013865779257,44.551831644583,NA,8.8,6.4,21.4,3.5,3.6,74.8350197976243,87.5934887813462,10.2368740704692,25.2641454783583,63.5,33.8238961203828
6081611200,Census Tract 6112; San Mateo County; California,-122.23459793,37.4564973,2750,89.2727272727273,65.4545454545455,1.67272727272727,0,16.7636363636364,0,0,5.38181818181818,10.7272727272727,2011,109306,2744,605,0,0,2.1,0,14.2217802088513,85.7782197911487,83.4282099936749,34.5454545454545,NA,9.3,8.4,23.3,4.5,4.3,74.6108949416342,89.8832684824903,12.0884338421184,12.3152709359606,97,NA
6081611300,Census Tract 6113; San Mateo County; California,-122.22531206,37.45241598,4849,72.7160239224582,53.1862239637039,1.46421942668591,0.164982470612497,13.2398432666529,0,0.783666735409363,3.87708805939369,27.2839760775418,3658,83205,4826,834,0,0,8.7,0,18.4800437397485,81.5199562602515,83.7936772046589,46.8137760362961,NA,9.4,9.2,23.1,5.1,4.9,73.5983981693364,70.3089244851259,11.6268090813604,38.6277488132658,37,29.3367949020533
6081611400,Census Tract 6114; San Mateo County; California,-122.21161638,37.44762145,4198,90.161981896141,62.9823725583611,1.35778942353502,0.0952834683182468,18.9852310624107,0.309671272034302,0,6.43163411148166,9.83801810385898,2697,105165,3639,667,0,2.99850074962519,3.7,2.99850074962519,5.15387467556544,94.8461253244346,59.6213121972699,37.0176274416389,NA,9.1,7.1,19.7,4.8,3.4,79.4920394238059,83.9272175890826,10.4234842281,38.99708493782,62.2,25.3255684312051
6081611500,Census Tract 6115; San Mateo County; California,-122.18501797,37.46753425,2823,85.4764434998229,64.6829613885937,0,0,17.9596174282678,0,0,2.83386468296139,14.5235565001771,1992,119302,2823,608,0,0,2,0,6.32530120481928,93.6746987951807,66.9891172914148,35.3170386114063,NA,8.2,5.2,19,3.5,2.5,76.3991552270327,92.1858500527983,12.2085070086355,42.4570356988258,39.3333333333333,NA
6081611600,Census Tract 6116; San Mateo County; California,-122.17095966,37.47489202,2304,85.9375,49.7829861111111,4.47048611111111,0,22.3090277777778,0.651041666666667,0,8.72395833333333,14.0625,1560,105114,2304,552,0,0,5.5,0,12.1794871794872,87.8205128205128,84.9645390070922,50.2170138888889,NA,8.8,7,21.5,3.5,3.7,76.3333333333333,84.4,12.145835406245,35.9859095153213,66.6666666666667,NA
6081611700,Census Tract 6117; San Mateo County; California,-122.15746031,37.48990536,6229,36.9722266816503,10.1460908653074,7.11189597046075,0,17.1616631883127,0,0,2.55257665756943,63.0277733183497,4461,47297,6229,1130,4.95575221238938,10,6.4,14.9557522123894,40.6186953597848,59.3813046402152,80.3649956024626,89.8539091346926,NA,9.6,10.6,26.3,3.5,11.4,53.1513787281936,42.9375351716376,10.4241661088459,48.398806050719,83,0
6081611800,Census Tract 6118; San Mateo County; California,-122.13546488,37.48200619,4969,39.6659287583015,4.50794928557054,14.0672167438116,0.482994566311129,6.21855504125579,12.1754880257597,1.42885892533709,0.784866170255585,60.3340712416985,3396,38047,4961,751,11.8508655126498,15.1797603195739,6.9,27.0306258322237,55.1531213191991,44.8468786808009,78.2716049382716,95.4920507144295,NA,10.7,12.7,31,4.9,16.1,48.6865942028986,65.1268115942029,10.5108231180241,52.3148148148148,98,0.586510263929619
6081611901,Census Tract 6119.01; San Mateo County; California,-122.13521593,37.4653639,4152,48.121387283237,10.1396917148362,17.9431599229287,0,16.3294797687861,0.240847784200385,2.86608863198459,0.602119460500963,51.878612716763,2789,45082,4152,1076,0,47.6765799256506,7.2,47.6765799256506,33.4528504840445,66.5471495159555,82.1048482459598,89.8603082851638,NA,9.9,10.8,27.8,3.9,12.6,55.7170542635659,62.3062015503876,12.661679479393,NA,90,0.387409200968523
6081611902,Census Tract 6119.02; San Mateo County; California,-122.12601902,37.46414705,7251,43.8698110605434,21.4591090884016,13.5153771893532,0,3.22714108398842,2.19280099296649,0,3.47538270583368,56.1301889394566,4974,45374,7000,1394,34.0746054519369,4.80631276901004,3.4,38.8809182209469,43.3453960595094,56.6546039404906,77.6458951533135,78.5408909115984,NA,10.3,13.3,29.7,4.9,14.2,59.3780369290573,67.3469387755102,11.3027152517645,52.3148148148148,98.5,0.486959732449071
6081612001,Census Tract 6120.01; San Mateo County; California,-122.15059994,37.46986381,4059,30.7464892830747,5.96205962059621,9.95319044099532,0.837644740083764,0.837644740083764,10.0763734910076,0,3.07957625030796,69.2535107169253,2754,44508,4054,926,13.2829373650108,15.0107991360691,7.6,28.2937365010799,55.3376906318083,44.6623093681917,78.7007454739084,94.0379403794038,NA,10.7,14.2,31.2,5,18.5,46.900826446281,59.9173553719008,12.9865908414402,NA,73,NA
6081612002,Census Tract 6120.02; San Mateo County; California,-122.1427762,37.46656678,3354,24.9552772808587,5.18783542039356,10.7334525939177,0,4.8896839594514,4.02504472271914,0,0.119260584376863,75.0447227191413,2334,35292,3354,626,14.6964856230032,0,3.5,14.6964856230032,47.0008568980291,52.9991431019709,77.9830254618073,94.8121645796064,NA,10.7,12.9,32.5,5.2,17.6,42.5266903914591,44.8398576512456,12.9865908414402,NA,73,NA
6081612101,Census Tract 6121.01; San Mateo County; California,-122.14777175,37.46047979,3530,43.257790368272,29.4050991501416,1.58640226628895,0,5.92067988668555,0,5.52407932011331,0.821529745042493,56.742209631728,2300,53452,3530,978,0,52.9652351738241,0.7,52.9652351738241,38.7391304347826,61.2608695652174,82,70.5949008498584,NA,9.6,9.4,27.5,4,14.5,64.8175182481752,30.8029197080292,12.9038402112339,NA,98,NA
6081612102,Census Tract 6121.02; San Mateo County; California,-122.13645699,37.45616701,2878,42.7032661570535,24.9131341209173,8.37387074357192,0,7.88742182070883,0,0,1.52883947185546,57.2967338429465,1905,45417,2878,532,9.77443609022556,40.7894736842105,6.4,50.5639097744361,40.997375328084,59.002624671916,84.5108695652174,75.0868658790827,NA,11.5,17.4,32.8,5.7,19.3,51.2267657992565,12.7137546468401,12.9038402112339,27.34375,89.5,NA
6081612500,Census Tract 6125; San Mateo County; California,-122.17791128,37.45570971,4397,93.7912212872413,51.4669092563111,6.70911985444621,0,24.471230384353,0,3.04753240846031,8.09642938367069,6.2087787127587,2848,91297,4397,845,2.1301775147929,13.2544378698225,4.6,15.3846153846154,4.42415730337079,95.5758426966292,77.9732811990877,48.5330907436889,NA,8.8,5.8,20.5,2.8,3.2,68.3006535947712,30.119825708061,12.0871999623583,32.9234972677596,87.5,NA
6081612600,Census Tract 6126; San Mateo County; California,-122.18167201,37.4491891,4446,90.3508771929825,67.7237966711651,1.66441745389114,0,15.5195681511471,0.179937022042285,0.314889788573999,4.94826810616284,9.64912280701754,3321,95077,4249,876,0,0,1.9,0,7.19662752183077,92.8033724781692,85.7089966679008,32.2762033288349,NA,8.7,5.8,19.9,3.1,3.2,70.0362882322447,24.5723172628305,12.5256168235167,30.0261096605744,95,NA
6081612700,Census Tract 6127; San Mateo County; California,-122.18869894,37.44396901,2042,97.2575905974535,76.5426052889324,0,0,16.2095984329089,0,0.342801175318315,4.16258570029383,2.74240940254652,1429,118750,2036,505,0,0.99009900990099,4.3,0.99009900990099,2.44926522043387,97.5507347795661,73.7327188940092,23.4573947110676,NA,9,6.9,21,4.7,2.6,81.9407008086253,83.8274932614555,12.1119483656649,24.3589743589744,69,NA
6081612800,Census Tract 6128; San Mateo County; California,-122.19241813,37.43646414,3104,97.1327319587629,75.9020618556701,0.0966494845360825,0.0644329896907216,12.0167525773196,0.193298969072165,0,8.85953608247423,2.86726804123711,1779,167813,3104,1020,2.15686274509804,0,1.7,2.15686274509804,2.13603147835863,97.8639685216414,72.2122838401908,24.0979381443299,NA,8.8,5.5,20.8,3.5,2.4,80.2672147995889,82.8365878725591,11.6189458620794,18.4834123222749,32,NA
6081612900,Census Tract 6129; San Mateo County; California,-122.20339156,37.43212579,4407,93.7145450419787,66.712049012934,0.068073519400953,0.090764692534604,21.4204674381666,0,0,5.42319037894259,6.28545495802133,2963,136875,4402,1189,0,0,6.6,0,4.85993925075937,95.1400607492406,79.8785425101214,33.287950987066,NA,8.5,5.3,19.6,3.3,2.6,76.693851944793,78.6700125470514,10.6230490084189,37.6865021770682,51.5,24.2528786264169
6081613000,Census Tract 6130; San Mateo County; California,-122.20559583,37.42127419,3108,90.4118404118404,63.996138996139,0.611325611325611,0,20.2702702702703,0,0,5.53410553410553,9.58815958815959,2254,102438,3108,594,0,6.73400673400673,0.4,6.73400673400673,3.54924578527063,96.4507542147294,76.0808534531162,36.003861003861,NA,8.4,6.1,19.4,3.9,3.5,74.488926746167,75.809199318569,10.4375821333654,31.823933763932,43,23.2921422826864
6081613200,Census Tract 6132; San Mateo County; California,-122.21667211,37.37441027,6629,87.1926384069995,75.9692261276211,0.150852315583044,0,7.10514406396138,0,0.588324030773872,3.37909186906019,12.8073615930005,5199,100913,6564,1040,0,0,3.1,0,10.8674745143297,89.1325254856703,74.3104021269525,24.0307738723789,NA,9,6.1,21,4.9,3.3,85.4359567901235,85.3009259259259,6.72775871310793,30.0773565954187,69.3333333333333,36.8382645592457
6081613300,Census Tract 6133; San Mateo County; California,-122.24890646,37.44059165,2750,94.7272727272727,78.4,1.41818181818182,0,8.29090909090909,0,0.254545454545455,6.36363636363636,5.27272727272727,1925,72830,2746,470,1.91489361702128,0,1.3,1.91489361702128,11.6363636363636,88.3636363636364,70.2167182662539,21.6,NA,9.3,7.1,21.7,4.9,3,84.1517857142857,89.84375,9.27467317050238,27.2752762232196,63.4,45.1756326648105
6081613400,Census Tract 6134; San Mateo County; California,-122.27891093,37.4176683,2947,91.4149983033594,83.5765184933831,0,0,3.49507974211062,0,0.508992195453003,3.83440787241262,8.58500169664065,2076,120132,2934,717,8.08926080892608,2.78940027894003,4.8,10.8786610878661,7.17726396917148,92.8227360308285,77.196261682243,16.4234815066169,NA,9.2,6.7,22.5,4.7,3,85.6666666666667,79.2380952380952,6.27785854137416,30.3605652172647,67.5,36.4772783287189
6081613501,Census Tract 6135.01; San Mateo County; California,-122.41423137,37.53447386,4385,66.4310148232611,54.8916761687571,0.410490307867731,0,6.1345496009122,0.0228050171037628,0,4.9714937286203,33.5689851767389,3095,72300,4385,974,0,20.4312114989733,2.7,20.4312114989733,26.9789983844911,73.0210016155089,78.8259109311741,45.1083238312429,NA,10.2,11.9,27.2,6.3,8.5,73.8473167044596,71.806500377929,7.02015507988077,29.9961779401894,83,94.5832573408718
6081613502,Census Tract 6135.02; San Mateo County; California,-122.46746717,37.52072834,5880,90.969387755102,85.391156462585,0.32312925170068,0,3.72448979591837,0,0,1.53061224489796,9.03061224489796,4556,96489,5826,814,2.57985257985258,9.82800982800983,7.4,12.4078624078624,17.5373134328358,82.4626865671642,81.6022964509395,14.608843537415,NA,9.8,8.9,24.2,5,4.4,83.8788870703764,89.1162029459902,6.91359654699093,29.4811613581013,59.5,99.9832635983264
6081613600,Census Tract 6136; San Mateo County; California,-122.49843359,37.54255725,5913,76.3571790969051,67.8166751226112,0.236766446812109,0.15220700152207,3.55149670218163,0,0,4.60003382377812,23.6428209030949,4177,54583,5716,1001,0,11.4885114885115,5.1,11.4885114885115,19.7510174766579,80.2489825233421,79.0819470117067,32.1833248773888,NA,9.7,9.2,24.6,5.7,5.8,71.9863347974622,92.9233772571986,6.91359654699093,29.4811613581013,59.5,99.9832635983264
6081613701,Census Tract 6137.01; San Mateo County; California,-122.43690788,37.44586202,3669,83.2106841101117,72.7718724448079,0.272553829381303,0,1.71708912510221,0,0,8.44916871082039,16.7893158898883,2652,72461,3597,721,3.05131761442441,0,0.8,3.05131761442441,13.9517345399698,86.0482654600302,79.9277605779154,27.2281275551921,NA,9.2,7.5,22.7,5.1,3.9,78.3850493653032,90.4795486600846,6.58093676740209,NA,74,NA
6081613702,Census Tract 6137.02; San Mateo County; California,-122.37084706,37.44856173,4419,55.3971486761711,48.8798370672098,0.520479746548993,0,2.37610319076714,0,0,3.62072867164517,44.6028513238289,2985,46738,4419,754,9.41644562334218,19.893899204244,3.3,29.3103448275862,28.4087102177554,71.5912897822446,83.8773102634683,51.1201629327902,NA,9.5,9,25.5,5.1,9.5,65.448402948403,52.5798525798526,6.58093676740209,NA,74,NA
6081613800,Census Tract 6138; San Mateo County; California,-122.30210096,37.27809587,4154,74.0491092922484,61.3625421280693,0,0,4.69427058257102,0,2.52768415984593,5.46461242176216,25.9508907077516,3277,67568,4149,675,16.8888888888889,17.7777777777778,2.5,34.6666666666667,28.8983826670735,71.1016173329265,82.5188716726261,38.6374578719307,NA,10,10.9,25.8,6.2,7.1,76.2359920896506,71.9182597231378,5.10964848947662,29.1050955414013,76,35.7553058676654
6081613900,Census Tract 6139; San Mateo County; California,-122.16200407,37.46241567,6045,84.1687344913151,57.2208436724566,2.81224152191894,0.165425971877585,14.6732837055418,1.42266335814723,0,7.87427626137304,15.8312655086849,4325,78750,5879,1374,4.07569141193595,0,4.2,4.07569141193595,15.9768786127168,84.0231213872832,74.8820427421593,42.7791563275434,NA,9,7.7,22.1,3.8,3.9,74.4186046511628,66.9868554095046,12.1288062890581,34.2857142857143,98,NA
6081614000,Census Tract 6140; San Mateo County; California,-122.45977594,37.62763728,5972,75.3516409912927,24.1627595445412,1.70797052913597,0,43.3690555927662,0.21768251841929,0.686537173476222,5.20763563295378,24.6483590087073,4549,70558,5709,967,1.44777662874871,0,2,1.44777662874871,18.5974939547153,81.4025060452847,84.8881614839062,75.8372404554588,NA,8.1,8.3,19.2,3.1,5.4,59.6765641569459,72.322375397667,8.99365590892662,34.5988771120016,94.6666666666667,52.9771793451211
6081984300,Census Tract 9843; San Mateo County; California,-122.38284943,37.62167148,0,NA,NA,NA,NA,NA,NA,NA,NA,NA,0,NA,0,0,NA,NA,NA,NA,NA,NA,NA,NA,NA,NA,NA,NA,NA,NA,NA,NA,12.0688834086265,32.0158102766798,40,3.81028510524913