Site_ID,Site_Name,year,season,avg_daily_min_pm25,avg_daily_max_pm25,avg_daily_mean_pm25,avg_daily_variance_pm25,p95_daily_max_pm25,median_daily_max_pm25,standard_deviation_of_daily_means,max_pm25,days_above_12,days_above_35,days_above_55,total_days,percent_days_moderate_or_worse,max_consecutive_days_above_35,max_consecutive_days_above_55,Census_Tract,Latitude,Longitude
20737,AZ South San Francisco,2023,Spring,-1.976599669247009,2.7656268167956846,-0.1448390789475109,2.6215409078521072,4.918126666666668,2.9661533333333336,1.2795804207444537,5.3564533333333335,0,0,0,21,0.0,0,0,6081602300,37.664036,-122.39622
21427,Grundy Park,2018,Winter,1.7111651313131317,7.014503292929294,3.948939501118563,3.6377393410559575,12.36000688888889,4.796248888888889,0.7538136636642216,13.389871111111113,1,0,0,5,20.0,0,0,6081604000,37.622585,-122.42097
21427,Grundy Park,2019,Fall,3.0909217680366043,11.602131804976633,6.125699865493528,11.568792553643474,30.90388,7.176353333333333,4.491808583840544,44.70116,29,4,0,91,31.86813186813187,2,0,6081604000,37.622585,-122.42097
21427,Grundy Park,2019,Spring,1.3124183673198258,5.813585520534556,3.2367111789093688,2.9459775547242213,13.989303737373739,4.750733333333334,1.9512892405618278,23.317557142857144,8,0,0,91,8.791208791208792,0,0,6081604000,37.622585,-122.42097
21427,Grundy Park,2019,Summer,2.046285940009911,7.967143165796134,4.325497806558783,8.06946142702419,11.536599666666671,6.24014,1.7386359130786235,92.62035333333336,5,2,1,92,5.434782608695652,1,1,6081604000,37.622585,-122.42097
21427,Grundy Park,2019,Winter,1.3773795143058498,9.398290944573084,4.141936219276388,11.91842215577154,24.50592719047618,5.69317797979798,3.843476437377356,69.90498,23,3,1,90,25.555555555555557,1,1,6081604000,37.622585,-122.42097
21427,Grundy Park,2020,Fall,6.816156948339018,24.82291393488091,14.345302562338935,137.3999070521299,96.48327666666668,10.57426,25.09704080663321,264.00117401286803,39,14,9,91,42.857142857142854,6,5,6081604000,37.622585,-122.42097
21427,Grundy Park,2020,Spring,1.4139423220973786,5.048846720171215,3.126344541550659,1.537762916980254,9.410318666666658,4.506766666666667,1.4402588024468923,13.701486666666668,2,0,0,89,2.247191011235955,0,0,6081604000,37.622585,-122.42097
21427,Grundy Park,2020,Summer,2.7511753873063474,17.80112271529317,7.239851363282564,100.13575885631148,85.77177900000004,5.900616666666666,8.683986565996616,232.20283164605203,15,12,10,92,16.304347826086957,5,4,6081604000,37.622585,-122.42097
21427,Grundy Park,2020,Winter,1.8588485992168755,11.67163614500442,5.652347349201028,14.305921142309685,29.374790000000008,8.741266666666668,4.406192003413765,42.74056,32,1,0,91,35.16483516483517,1,0,6081604000,37.622585,-122.42097
21427,Grundy Park,2021,Fall,2.4382052848301132,11.455831133365814,6.0746858105506405,15.027607483023923,33.15059666666667,7.31852,5.277056196583387,68.48995333333335,27,2,1,91,29.67032967032967,1,1,6081604000,37.622585,-122.42097
21427,Grundy Park,2021,Spring,2.152751611855363,5.430263265867067,3.677580326469801,1.1771562007567327,8.978689000000001,5.255153678160919,1.3483728096032102,10.789653333333336,0,0,0,92,0.0,0,0,6081604000,37.622585,-122.42097
21427,Grundy Park,2021,Summer,2.29030895802099,9.041266755426635,4.756822246016978,11.348256818140719,29.536072000000022,6.123970000000001,3.616821889032757,98.07583333333334,13,4,1,92,14.130434782608695,2,1,6081604000,37.622585,-122.42097
21427,Grundy Park,2021,Winter,1.9861250574712648,11.032598370370371,5.662617510311309,13.244208118332782,28.783459999999994,7.090303333333334,5.218544529016332,46.29348000000001,29,1,0,90,32.22222222222222,1,0,6081604000,37.622585,-122.42097
21427,Grundy Park,2022,Fall,2.3967930402930406,9.218267541998232,5.279505080011477,6.121342926188808,19.358109999999996,7.29496,3.255421644525093,36.07616,25,1,0,91,27.47252747252747,1,0,6081604000,37.622585,-122.42097
21427,Grundy Park,2022,Spring,1.664395766045549,5.290226329335333,3.3547561540301074,1.512144156747016,9.30086066666667,4.790721149425288,1.4341631552949086,14.19752,1,0,0,92,1.0869565217391304,0,0,6081604000,37.622585,-122.42097
21427,Grundy Park,2022,Summer,1.5426809845077465,6.12989311594203,3.4258805163495714,5.157015476921641,12.398844,4.860143333333334,2.211441928578461,54.51192666666667,6,1,0,92,6.521739130434782,1,0,6081604000,37.622585,-122.42097
21427,Grundy Park,2022,Winter,3.4542318569604094,16.081616027914617,8.591059436839782,20.712387884619506,34.587935666666674,15.062633333333334,6.956925389650043,46.313966666666666,51,4,0,90,56.666666666666664,1,0,6081604000,37.622585,-122.42097
21427,Grundy Park,2023,Fall,2.2895715548819005,9.340164908424908,5.393934574283629,12.684678920244588,23.428483333333336,6.457386666666667,6.2482227601647145,84.64838,14,3,1,91,15.384615384615385,2,1,6081604000,37.622585,-122.42097
21427,Grundy Park,2023,Spring,0.9657356246876567,4.146855072463768,2.3723929204780054,1.1803264369422772,6.58272866666667,3.80846,1.1214172907964042,13.092333333333332,1,0,0,92,1.0869565217391304,0,0,6081604000,37.622585,-122.42097
21427,Grundy Park,2023,Summer,1.8130573913043484,7.487626296851574,3.940307073178441,8.000124957155176,16.049386000000002,5.153376666666667,2.991838205722191,83.99657931034483,9,3,1,92,9.782608695652174,2,1,6081604000,37.622585,-122.42097
21427,Grundy Park,2023,Winter,1.4568843703703709,9.299011558109834,4.257252727416429,8.913799786476599,22.882313666666672,6.690953333333334,3.661364861989986,43.25000000000001,24,1,0,90,26.666666666666668,1,0,6081604000,37.622585,-122.42097
38589,Sign Hill,2019,Fall,4.599195938697319,14.987510303030303,8.673125011414399,13.864074402728152,31.666123999999993,13.45618,5.312832480332267,36.928540000000005,18,1,0,33,54.54545454545455,1,0,6081602001,37.665333,-122.41648
38589,Sign Hill,2019,Winter,0.8399097441601785,11.060292688172046,4.061619417063595,17.082088518634393,30.02737666666667,7.639460000000001,3.190016413961306,36.51415333333333,13,1,0,31,41.935483870967744,1,0,6081602001,37.665333,-122.41648
38589,Sign Hill,2020,Fall,7.611950574712644,28.684089972782623,15.934651744307315,211.04103408789956,117.71621999999999,10.49896,30.172308265518026,297.6144738447064,42,18,11,91,46.15384615384615,11,6,6081602001,37.665333,-122.41648
38589,Sign Hill,2020,Spring,1.1993189130434787,4.903874347826087,2.847783336819152,1.5548086762344897,9.304838333333338,4.220226666666667,1.5348500810399817,16.934980000000003,1,0,0,92,1.0869565217391304,0,0,6081602001,37.665333,-122.41648
38589,Sign Hill,2020,Summer,2.2354024637681165,19.859931468650476,7.574254892296325,161.5961518211717,101.46941200000005,5.693116666666667,11.368823193134135,242.51614178251032,14,11,11,92,15.217391304347826,5,5,6081602001,37.665333,-122.41648
38589,Sign Hill,2020,Winter,1.8218110622710628,10.847955824175825,5.5612033436411705,15.265443829842495,29.608980000000003,7.805313333333334,5.096653163378792,37.640060000000005,32,3,0,91,35.16483516483517,1,0,6081602001,37.665333,-122.41648
38589,Sign Hill,2021,Fall,2.842332173803209,11.159116103069346,6.403232474528967,13.508219763487084,33.71026333333333,7.135833333333333,5.971554647395596,42.22512666666668,26,5,0,91,28.571428571428573,2,0,6081602001,37.665333,-122.41648
38589,Sign Hill,2021,Spring,2.0839362318840586,5.423334721032341,3.651546766120532,1.2380048176494356,8.938435000000002,5.244733333333333,1.619539234897351,11.39064,0,0,0,92,0.0,0,0,6081602001,37.665333,-122.41648
38589,Sign Hill,2021,Summer,1.9902389830084963,7.578615434782608,4.44490093873375,7.938244694054308,17.16037266666668,5.484990000000001,4.0000549382483825,52.75594,10,3,0,92,10.869565217391305,2,0,6081602001,37.665333,-122.41648
38589,Sign Hill,2021,Winter,1.9492562039773769,10.177884832694765,5.527710857102883,12.614925770127002,26.597764333333334,5.428583333333334,5.914191266154593,47.75346666666667,28,3,0,90,31.11111111111111,2,0,6081602001,37.665333,-122.41648
38589,Sign Hill,2022,Fall,2.493267211425685,9.82630069976001,5.484770372158028,10.473701101628462,19.345746666666663,7.932306666666666,3.8452085354544883,70.21432666666666,24,2,1,91,26.373626373626372,2,1,6081602001,37.665333,-122.41648
38589,Sign Hill,2022,Spring,1.6550269191210851,5.259317096451774,3.310738553417653,1.525006270021705,8.473308666666666,4.699156666666667,1.5692099477307562,16.43612,2,0,0,92,2.1739130434782608,0,0,6081602001,37.665333,-122.41648
38589,Sign Hill,2022,Summer,1.301731362318841,5.59804871464268,3.1656537662420923,2.5491138597851504,13.737522533333337,4.710183333333334,2.5157427653286044,22.006440000000005,7,0,0,92,7.608695652173913,0,0,6081602001,37.665333,-122.41648
38589,Sign Hill,2022,Winter,3.407885215029045,15.288993279693488,8.874667111836086,23.923466403331666,33.373799,13.41944,7.412479077142428,51.02376,49,2,0,90,54.44444444444444,1,0,6081602001,37.665333,-122.41648
38589,Sign Hill,2023,Fall,2.705477564734117,11.657746777278552,6.281319149569778,18.76118754155403,34.596963333333335,7.186166666666669,7.366636386884601,103.48172666666666,25,5,3,91,27.47252747252747,4,2,6081602001,37.665333,-122.41648
38589,Sign Hill,2023,Spring,0.8975320689655177,4.440671374312844,2.33386688761829,1.304560806606331,7.67215266666667,4.033353333333333,1.3084134262198972,20.63848,1,0,0,92,1.0869565217391304,0,0,6081602001,37.665333,-122.41648
38589,Sign Hill,2023,Summer,1.8243123311421219,6.569112536231885,3.9418680478669335,5.139411920820755,17.96771266666667,4.739766666666668,3.465774327295656,52.62220666666666,8,1,0,92,8.695652173913043,1,0,6081602001,37.665333,-122.41648
38589,Sign Hill,2023,Winter,1.7422211242474004,8.704755028097063,4.465341163421778,9.765068327957573,23.79864833333333,5.0448,4.593756285227663,45.67571724137931,22,2,0,90,24.444444444444443,1,0,6081602001,37.665333,-122.41648
60171,South San Francisco Westborough Park,2020,Fall,7.164531064838018,27.975394705732533,15.528501192137249,185.21233624917738,101.42581666666669,11.34096,28.067951344490414,287.5665705320544,42,15,12,91,46.15384615384615,6,6,6081602601,37.64361,-122.45865
60171,South San Francisco Westborough Park,2020,Summer,7.8599733333333335,52.197982622594026,21.045023137115876,318.91795232231595,116.45453676392567,69.66975333333332,18.583156504701023,140.23263846153847,8,7,7,13,61.53846153846154,4,4,6081602601,37.64361,-122.45865
60171,South San Francisco Westborough Park,2020,Winter,3.4101126881720436,16.150463225806455,8.88516322688076,24.99866826390359,32.342686666666665,13.128833333333333,6.1278238807224605,36.50447333333334,18,1,0,31,58.064516129032256,1,0,6081602601,37.64361,-122.45865
60171,South San Francisco Westborough Park,2021,Winter,1.8092745736434115,12.114266015503876,6.161700860503214,13.22221829614518,24.391864,9.754793333333334,5.4214168569677845,33.68756666666666,20,0,0,43,46.51162790697674,0,0,6081602601,37.64361,-122.45865
60171,South San Francisco Westborough Park,2022,Fall,0.3361295238095249,6.8229093550587345,2.91278823869087,7.014742256438051,18.358399999999996,5.246773333333334,3.528492827173479,38.70426666666667,19,1,0,91,20.87912087912088,1,0,6081602601,37.64361,-122.45865
60171,South San Francisco Westborough Park,2022,Spring,-0.4733977261369305,3.2554551949025496,0.8779695369906331,1.5112211752528748,7.128701000000002,2.793370000000001,1.4402188818835415,19.730160000000005,1,0,0,92,1.0869565217391304,0,0,6081602601,37.64361,-122.45865
60171,South San Francisco Westborough Park,2022,Summer,-0.38321667416291744,3.4088187156421803,1.0399313648194102,2.056427814018374,10.911657666666672,2.5322000000000013,2.332689477412559,21.61542,4,0,0,92,4.3478260869565215,0,0,6081602601,37.64361,-122.45865
60171,South San Francisco Westborough Park,2022,Winter,1.2600722407407419,13.857547703703704,6.494342803436242,25.20070807934818,34.80276733333333,12.391443333333335,7.729351275233109,41.18102666666667,45,5,0,90,50.0,1,0,6081602601,37.64361,-122.45865
60171,South San Francisco Westborough Park,2023,Fall,0.4078038095238107,8.79738880131363,3.7795509273551064,20.439893435337837,25.28709666666667,4.740120000000001,7.464666815259283,105.71874666666666,18,4,3,91,19.78021978021978,4,2,6081602601,37.64361,-122.45865
60171,South San Francisco Westborough Park,2023,Spring,-0.9242993478260858,1.6605920339830096,0.037437730141788354,0.7297423040088131,4.9451083333333345,1.3485500000000008,1.249568598237347,8.623480000000002,0,0,0,92,0.0,0,0,6081602601,37.64361,-122.45865
60171,South San Francisco Westborough Park,2023,Summer,0.07003579246091343,4.21417004025765,1.7219562517903737,3.7540627260069166,15.931954333333337,2.5708100000000016,3.125145857740208,43.03032,7,1,0,92,7.608695652173913,1,0,6081602601,37.64361,-122.45865
60171,South San Francisco Westborough Park,2023,Winter,-0.4610076296296286,7.102920036124796,2.322460870204769,10.806307669287467,24.51670366666666,3.708440000000001,4.419236182489445,36.04420666666667,22,1,0,90,24.444444444444443,1,0,6081602601,37.64361,-122.45865
65711,Commodore Dr,2020,Fall,6.462017037037038,22.559197222019996,12.87898488774651,72.30670300026611,100.68764666666668,10.848206666666666,23.856592970692592,229.914168316953,36,11,6,81,44.44444444444444,4,4,6081604102,37.63386,-122.42311
65711,Commodore Dr,2020,Winter,2.7419514423433453,17.0344855483871,8.58210852794772,29.827122800618938,36.365210000000005,12.625546666666668,6.7238535248808695,42.98664000000001,18,2,0,31,58.064516129032256,1,0,6081604102,37.63386,-122.42311
65711,Commodore Dr,2021,Fall,2.728520757862827,12.441585916953612,6.490297955069659,14.845592120532986,34.22910333333334,8.966140000000001,5.515020453463547,45.74492000000001,30,5,0,91,32.967032967032964,1,0,6081604102,37.63386,-122.42311
65711,Commodore Dr,2021,Spring,2.414465474405655,6.92074291604198,4.06996805807389,2.4283009864523537,11.857952666666668,6.0251600000000005,1.7622176138493784,46.69344,5,1,0,92,5.434782608695652,1,0,6081604102,37.63386,-122.42311
65711,Commodore Dr,2021,Summer,2.3584934507746134,8.637454452773614,4.646958370157298,7.177847209346507,24.98555666666667,6.188650000000001,3.597045867961829,50.2490275862069,13,3,0,92,14.130434782608695,1,0,6081604102,37.63386,-122.42311
65711,Commodore Dr,2021,Winter,2.36080173282614,13.231694844395006,6.287901501015023,16.954890928223183,31.260869666666665,10.050766666666668,5.821858600371994,53.35444,39,2,0,90,43.333333333333336,1,0,6081604102,37.63386,-122.42311
65711,Commodore Dr,2022,Fall,2.55892109637489,9.330835399772642,5.389242970820332,6.546589995722963,20.087184712643676,7.935186666666667,3.586468728048673,39.291446666666666,25,1,0,91,27.47252747252747,1,0,6081604102,37.63386,-122.42311
65711,Commodore Dr,2022,Spring,1.808827295481724,6.0274994786477745,3.4662085540165326,1.857760032690454,11.994197000000002,5.255293333333334,1.650024566400824,17.96284,5,0,0,92,5.434782608695652,0,0,6081604102,37.63386,-122.42311
65711,Commodore Dr,2022,Summer,1.322748346719498,6.920885326449679,3.235188187555107,5.828327570841698,22.463359666666673,4.9068200000000015,2.585883420143122,45.1839,9,3,0,92,9.782608695652174,1,0,6081604102,37.63386,-122.42311
65711,Commodore Dr,2022,Winter,3.874360342273308,17.333595328224778,9.307018518186103,24.576470260619043,37.762820999999995,15.95317,7.779644838595177,47.65504666666667,54,6,0,90,60.0,2,0,6081604102,37.63386,-122.42311
65711,Commodore Dr,2023,Fall,2.839390607553367,13.497745216622459,6.663161350985723,25.776479925516444,37.31008333333334,9.002565517241381,7.813149662898377,111.47101333333336,31,5,4,91,34.065934065934066,4,2,6081604102,37.63386,-122.42311
65711,Commodore Dr,2023,Spring,0.792141969450058,7.568447308284467,2.5218716873106346,30.169507264388965,14.33432410344828,4.597433333333333,1.820063179666992,203.82552983343535,9,1,1,92,9.782608695652174,1,1,6081604102,37.63386,-122.42311
65711,Commodore Dr,2023,Summer,1.6884266791604203,9.1681615942029,4.0374978676675495,9.738198601836572,38.18185633333336,5.775890000000001,3.703491487137456,55.84709333333334,14,5,1,92,15.217391304347826,2,1,6081604102,37.63386,-122.42311
65711,Commodore Dr,2023,Winter,1.674225844189017,11.514210446998725,5.0112703389861295,12.583453848619952,28.167592999999997,9.226666666666667,4.577038669657564,42.47043333333334,35,2,0,90,38.888888888888886,2,0,6081604102,37.63386,-122.42311
67263,Danger Stairs,2020,Fall,4.315601842273308,16.610058326456432,9.242898561082669,25.829395283338087,35.92966133333336,12.37698,8.098502171724888,87.14206666666668,38,4,2,72,52.77777777777778,2,2,6081601700,37.662823,-122.45957
67263,Danger Stairs,2020,Winter,3.774156707452726,21.801042795698926,10.639168126719037,39.168200300405445,44.61720333333333,18.56556,7.275628652799406,47.38468666666667,24,6,0,31,77.41935483870968,3,0,6081601700,37.662823,-122.45957
67263,Danger Stairs,2021,Fall,3.2351521611721616,12.285183432837917,7.17508340681741,14.293822432696901,29.17275666666667,9.391513333333332,5.50440071870415,41.20061333333333,30,4,0,91,32.967032967032964,2,0,6081601700,37.662823,-122.45957
67263,Danger Stairs,2021,Spring,3.027314102948526,6.918047681159421,4.769371221601495,1.5413565509622558,11.535241666666668,6.924750000000001,1.9472752605843477,14.095293333333336,5,0,0,92,5.434782608695652,0,0,6081601700,37.662823,-122.45957
67263,Danger Stairs,2021,Summer,2.60408579710145,8.078235672163919,4.974059959464236,5.635909205538148,16.959001666666666,6.608120000000001,3.4407250891205976,41.95254666666666,12,1,0,92,13.043478260869565,1,0,6081601700,37.662823,-122.45957
67263,Danger Stairs,2021,Winter,2.8108331986687154,15.488280526272579,7.29366573860499,22.07182237174015,35.634006,11.791898850574714,6.165702371591379,66.75414166666667,44,5,1,90,48.888888888888886,2,1,6081601700,37.662823,-122.45957
67263,Danger Stairs,2022,Fall,3.44967301367068,10.470775596816976,6.5135909222451485,7.6519683543504655,21.490953333333334,9.290066666666666,4.03779541918347,43.45532666666667,30,1,0,91,32.967032967032964,1,0,6081601700,37.662823,-122.45957
67263,Danger Stairs,2022,Spring,2.5486040204897558,6.560117825016063,4.414950447687399,1.670889122623416,10.73331266666667,6.000506666666667,1.961547780090082,14.35520666666667,3,0,0,92,3.260869565217391,0,0,6081601700,37.662823,-122.45957
67263,Danger Stairs,2022,Summer,1.8626765017491258,6.368963363318342,3.8294788610649677,2.9315973779944433,13.769723000000006,5.57903,2.627555296596627,35.72816000000001,7,1,0,92,7.608695652173913,1,0,6081601700,37.662823,-122.45957
67263,Danger Stairs,2022,Winter,3.534256281132803,17.03030452166069,9.383122033783147,26.308592010707383,35.82581796551724,14.47648,7.908319638788346,45.56106666666667,56,6,0,90,62.22222222222222,2,0,6081601700,37.662823,-122.45957
67263,Danger Stairs,2023,Fall,3.6051167330254295,13.162976427939876,7.498235409654556,23.5756775450006,36.41619333333334,8.56036,7.802992506198182,108.99691333333332,26,5,3,91,28.571428571428573,4,2,6081601700,37.662823,-122.45957
67263,Danger Stairs,2023,Spring,1.4266752949982209,5.232530875303276,3.100710710812452,1.4067828815064372,9.238613333333332,5.07928695652174,1.750409445454271,12.19204,1,0,0,61,1.639344262295082,0,0,6081601700,37.662823,-122.45957
67263,Danger Stairs,2023,Summer,2.7196026530643653,7.898906503399477,4.894528739170959,4.3796084764133845,21.652633999999985,6.194273333333334,3.4727673081066848,52.40195333333334,11,1,0,83,13.25301204819277,1,0,6081601700,37.662823,-122.45957
67263,Danger Stairs,2023,Winter,2.4688841624110704,12.275905027841635,6.099696667043119,15.323622672329662,26.667810666666668,9.458246666666668,5.326455835831834,66.70356,34,3,2,90,37.77777777777778,3,1,6081601700,37.662823,-122.45957
67419,Acacia And Crystal Springs,2021,Fall,3.8064553088291024,10.209225706707088,6.261275439154604,7.41834922327612,26.675256666666666,7.471673333333333,4.6315305095528725,54.639946666666674,23,2,0,91,25.274725274725274,1,0,6081603900,37.61825,-122.41345
67419,Acacia And Crystal Springs,2021,Summer,6.49166358974359,24.15273794871795,12.127382437813147,38.225249483341756,42.188221333333324,21.605306666666667,4.4772542126107835,45.72105333333333,8,3,0,13,61.53846153846154,1,0,6081603900,37.61825,-122.41345
67419,Acacia And Crystal Springs,2021,Winter,3.0997794809047097,9.580980860215053,5.602041724594052,6.140320076711666,23.344566666666665,7.310133333333335,4.101498349617092,26.315526666666667,9,0,0,31,29.032258064516128,0,0,6081603900,37.61825,-122.41345
67419,Acacia And Crystal Springs,2022,Fall,4.095949523809525,10.704008002851008,6.376260746610148,9.36069141449325,19.99810666666667,8.188233333333335,3.1546692262548888,56.55621333333334,26,3,1,91,28.571428571428573,3,1,6081603900,37.61825,-122.41345
67419,Acacia And Crystal Springs,2022,Spring,3.2664981225657015,7.467877669915043,4.54453878966034,3.3881033851488924,20.509954333333344,5.539893333333334,1.5908880002171646,33.59182666666666,9,0,0,92,9.782608695652174,0,0,6081603900,37.61825,-122.41345
67419,Acacia And Crystal Springs,2022,Summer,3.28670772113943,8.243022573713144,4.780446562019454,6.909991296941786,21.018595666666684,5.750526666666667,2.6261871072362193,60.343226666666666,14,2,1,92,15.217391304347826,1,1,6081603900,37.61825,-122.41345
67419,Acacia And Crystal Springs,2022,Winter,4.274561284802044,12.010801172413794,6.913223357939967,6.196827982698812,23.28564033333333,10.458406666666669,3.981320717933666,34.5695,38,0,0,90,42.22222222222222,0,0,6081603900,37.61825,-122.41345
67419,Acacia And Crystal Springs,2023,Fall,4.244885307565998,10.035346573306754,6.765217923260384,11.595594045786369,26.769123333333333,7.072720000000001,6.9515311154025365,78.79975333333334,16,4,2,91,17.582417582417584,4,2,6081603900,37.61825,-122.41345
67419,Acacia And Crystal Springs,2023,Spring,2.6128735485828516,4.9496600749625195,3.4724783457473825,0.6073121906757898,8.15728831034483,4.48229,1.1038789211684386,13.581353333333334,2,0,0,92,2.1739130434782608,0,0,6081603900,37.61825,-122.41345
67419,Acacia And Crystal Springs,2023,Summer,3.84814419790105,8.555087108945528,5.538148543117662,5.953726255770549,21.255242333333342,5.766503333333334,3.519931459200962,53.76478666666667,13,2,0,92,14.130434782608695,1,0,6081603900,37.61825,-122.41345
67419,Acacia And Crystal Springs,2023,Winter,2.828318997066475,7.654658427752416,4.435052076835658,2.7615247365916815,14.713314666666665,6.706600000000001,2.28876630875879,21.0859,11,0,0,89,12.359550561797754,0,0,6081603900,37.61825,-122.41345
68487,Belle Air,2020,Fall,3.921824566210046,16.987390729120637,9.114785233840946,32.808099153600516,37.86611866666663,12.44502,8.693113863800175,113.37133333333335,37,5,2,73,50.68493150684932,2,2,6081604200,37.62725,-122.40895
68487,Belle Air,2020,Winter,2.9919989247311833,19.736231397849462,9.71820545218281,33.82973201176854,38.887213333333335,16.71758,6.743815567315338,42.73944,22,3,0,31,70.96774193548387,1,0,6081604200,37.62725,-122.40895
68487,Belle Air,2021,Fall,2.823330183150184,12.27931961096375,6.814267592582503,14.097837654972865,32.765613333333334,8.672006666666666,5.526434427513813,44.424062068965526,34,3,0,91,37.362637362637365,1,0,6081604200,37.62725,-122.40895
68487,Belle Air,2021,Spring,2.7546433226988074,6.980170368820474,4.601750972313707,1.813613351881135,11.274353333333334,7.029780000000001,1.9274721898511704,18.33167333333333,4,0,0,91,4.395604395604396,0,0,6081604200,37.62725,-122.40895
68487,Belle Air,2021,Summer,2.384319347826087,9.553669619504763,5.043905757394816,11.400159928188677,25.00711866666667,7.082918505747128,3.7107968733553602,105.14680666666668,15,3,1,92,16.304347826086957,1,1,6081604200,37.62725,-122.40895
68487,Belle Air,2021,Winter,2.626171777777778,13.307400687100897,6.772395024078674,16.22610184834793,31.094120333333333,10.48168,5.790356553893039,51.393,39,3,0,90,43.333333333333336,2,0,6081604200,37.62725,-122.40895
68487,Belle Air,2022,Fall,2.821295783756474,10.762989282369805,6.268869106797388,7.443964939970944,21.331186666666667,8.83530666666667,4.077797514707916,37.530460000000005,31,1,0,91,34.065934065934066,1,0,6081604200,37.62725,-122.40895
68487,Belle Air,2022,Spring,2.0002207430213472,7.1611711513687615,4.1488844118937935,2.5491117938472905,14.152174333333337,6.15237,2.0681171874240474,20.319740000000003,9,0,0,92,9.782608695652174,0,0,6081604200,37.62725,-122.40895
68487,Belle Air,2022,Summer,1.2200390479760126,7.3610245652173925,3.5702752319005584,10.331399020047682,17.642506333333348,5.573193333333334,2.9386869015036643,102.26396666666666,8,1,1,92,8.695652173913043,1,1,6081604200,37.62725,-122.40895
68487,Belle Air,2022,Winter,4.424884748403576,18.699399884418902,9.994874029880041,25.392973342719646,35.67925966666667,16.192483333333335,7.724364398230948,80.23011333333332,53,8,1,90,58.888888888888886,2,1,6081604200,37.62725,-122.40895
68487,Belle Air,2023,Fall,1.953584452856905,15.273953883891389,7.957158010332971,58.19644100553003,55.442372666666664,4.645713333333334,13.444389586841861,105.53288275862072,6,4,2,24,25.0,4,1,6081604200,37.62725,-122.40895
68487,Belle Air,2023,Spring,0.44837007746126994,4.864223543228386,2.421904190041943,2.09959094914437,8.412597000000003,4.603996666666667,1.5657695494616461,19.27296666666667,3,0,0,92,3.260869565217391,0,0,6081604200,37.62725,-122.40895
68487,Belle Air,2023,Summer,-0.22372785607196355,6.968551474262869,2.4890782259936146,9.574867165145728,21.8330883448276,4.641243333333334,3.655966378268444,63.083066666666674,11,3,2,92,11.956521739130435,2,1,6081604200,37.62725,-122.40895
68487,Belle Air,2023,Winter,1.487601928696669,9.386740381842976,4.413734257751007,8.30159220478669,22.555363333333332,8.316986666666667,2.8247104880629355,25.64107333333333,15,0,0,59,25.423728813559322,0,0,6081604200,37.62725,-122.40895
69403,"Sunshine Gardens, SSF",2020,Fall,4.229861025641026,17.311272996336996,9.419398768558878,35.69198257347015,39.54956933333332,11.16368,9.545032871257282,140.8514266666667,31,5,2,65,47.69230769230769,2,2,6081601901,37.6696,-122.43797
69403,"Sunshine Gardens, SSF",2020,Winter,3.0419569892473124,19.39347075268817,9.452361526078358,37.750387702510395,42.180883333333334,15.28232,7.550987245897607,44.39581333333334,19,6,0,31,61.29032258064516,2,0,6081601901,37.6696,-122.43797
69403,"Sunshine Gardens, SSF",2021,Fall,2.880486643671684,12.019300582777083,6.846498538331806,15.354048848799186,31.607056666666672,8.680153333333333,5.54129057350629,41.76853333333335,28,4,0,91,30.76923076923077,2,0,6081601901,37.6696,-122.43797
69403,"Sunshine Gardens, SSF",2021,Spring,2.952167437352753,6.778700114942529,4.732055570350938,1.5162762243802248,11.054106666666671,6.495806666666667,1.833159052825187,14.245526666666663,4,0,0,92,4.3478260869565215,0,0,6081601901,37.6696,-122.43797
69403,"Sunshine Gardens, SSF",2021,Summer,2.808495314842579,8.407720569715144,5.288561058431667,6.011369337585954,17.24445366666667,6.8250566666666685,3.626521772310776,41.374,11,2,0,92,11.956521739130435,1,0,6081601901,37.6696,-122.43797
69403,"Sunshine Gardens, SSF",2021,Winter,2.5158359259259266,12.415527177915315,6.477864411381068,16.656732947123587,33.304096666666666,8.444746666666667,6.266372596415213,53.02856923076923,30,4,0,90,33.333333333333336,2,0,6081601901,37.6696,-122.43797
69403,"Sunshine Gardens, SSF",2022,Fall,3.283076117216118,11.243664281924973,6.509629272997263,10.033297234011618,23.97074333333333,9.488046666666666,4.1619926833541925,45.51774666666667,33,1,0,91,36.26373626373626,1,0,6081601901,37.6696,-122.43797
69403,"Sunshine Gardens, SSF",2022,Spring,2.5038742753623193,6.878736819090455,4.405078102078863,1.931870318514038,12.400642333333339,6.15531,1.826435448536948,24.42679333333333,5,0,0,92,5.434782608695652,0,0,6081601901,37.6696,-122.43797
69403,"Sunshine Gardens, SSF",2022,Summer,2.11331799850075,6.4143680434782615,4.109604018557521,2.583936685771704,13.655959333333337,5.784373333333334,2.7359626297836175,24.88566,6,0,0,92,6.521739130434782,0,0,6081601901,37.6696,-122.43797
69403,"Sunshine Gardens, SSF",2022,Winter,4.10655992081737,18.035552099616858,10.11895744711592,27.879868340491807,39.07047833333333,16.150763333333337,8.25642246791053,54.69619333333334,53,11,0,90,58.888888888888886,3,0,6081601901,37.6696,-122.43797
69403,"Sunshine Gardens, SSF",2023,Fall,3.50277706959707,12.946906632854327,7.496109570618999,23.288230306542065,30.433376666666668,8.689546666666667,8.305581578279435,114.01727333333336,28,5,3,91,30.76923076923077,5,2,6081601901,37.6696,-122.43797
69403,"Sunshine Gardens, SSF",2023,Spring,1.5185380034982514,5.163530884557721,3.1789002797697905,1.3448723282859727,8.646318000000003,4.70516,1.4835606445011664,10.59992,0,0,0,92,0.0,0,0,6081601901,37.6696,-122.43797
69403,"Sunshine Gardens, SSF",2023,Summer,2.7679630340264656,7.820414549114332,5.032666705472119,3.9285242369277613,21.336993,6.019750000000001,3.5592739397984428,46.95671333333334,12,1,0,92,13.043478260869565,1,0,6081601901,37.6696,-122.43797
69403,"Sunshine Gardens, SSF",2023,Winter,2.1511248607918265,10.337749555555558,5.409759125622259,11.645848122655336,27.44967133333333,7.377713333333334,5.111466168566261,43.74510000000001,27,2,0,90,30.0,2,0,6081601901,37.6696,-122.43797
70569,Rollingwood / Palmhaus,2020,Fall,3.8762706603417874,18.559680472938137,9.474230858407973,72.94518319840421,59.0069073333333,9.8084,12.291941057364715,163.6699866666667,25,6,4,63,39.682539682539684,4,4,6081603700,37.62681,-122.44654
70569,Rollingwood / Palmhaus,2020,Winter,2.6108169892473123,16.746941008527994,8.678017176150139,30.108625480389428,36.18333333333333,12.001933333333335,6.871472975640876,40.46110666666666,16,3,0,31,51.61290322580645,1,0,6081603700,37.62681,-122.44654
70569,Rollingwood / Palmhaus,2021,Fall,2.9379614942528742,13.345313358876117,7.125458802412706,19.98036897803503,39.683354333333334,8.163523333333334,6.677146495174131,63.72247333333333,29,8,1,90,32.22222222222222,3,1,6081603700,37.62681,-122.44654
70569,Rollingwood / Palmhaus,2021,Spring,1.2036758530734637,4.687542733633184,2.8113669424017327,1.3728223364615777,8.588313666666664,4.734920000000001,1.8714546206816414,11.770980000000002,0,0,0,92,0.0,0,0,6081603700,37.62681,-122.44654
70569,Rollingwood / Palmhaus,2021,Summer,1.1273738615216207,7.829434686327472,3.549719788931044,15.262231323042254,21.045370666666667,4.511043333333333,5.6467455420604615,99.66194,11,3,2,92,11.956521739130435,2,2,6081603700,37.62681,-122.44654
70569,Rollingwood / Palmhaus,2021,Winter,1.6819584347381868,11.787307203065135,5.753875361238804,16.25329538153499,31.882644999999997,6.517586666666666,6.044418874819512,46.758100000000006,33,4,0,90,36.666666666666664,2,0,6081603700,37.62681,-122.44654
70569,Rollingwood / Palmhaus,2022,Fall,2.6214373333333345,3.0568282518518526,2.7121437746913593,2.936200913021402,2.6214373333333345,2.6214373333333345,0.860516859419564,41.80662,1,1,0,90,1.1111111111111112,1,0,6081603700,37.62681,-122.44654
70569,Rollingwood / Palmhaus,2022,Spring,1.901145295566503,5.810346696651675,3.7088558699011274,1.6765617914411894,10.427602333333333,5.388217126436782,1.7791303089662647,14.50432,4,0,0,92,4.3478260869565215,0,0,6081603700,37.62681,-122.44654
70569,Rollingwood / Palmhaus,2022,Summer,2.1374304052968918,4.361222989819376,3.0895454195015404,2.0962871500585454,8.773792666666663,2.6214373333333345,1.6064089747727992,30.90974,3,0,0,70,4.285714285714286,0,0,6081603700,37.62681,-122.44654
70569,Rollingwood / Palmhaus,2022,Winter,3.0433881368052864,13.167446363661542,7.180682102570339,22.50413838902988,39.58708933333331,8.406020000000002,5.887593292466599,47.57326,34,6,0,83,40.963855421686745,2,0,6081603700,37.62681,-122.44654
70569,Rollingwood / Palmhaus,2023,Fall,2.4436176356524792,12.071218592092398,6.6136244706751075,22.828119807584034,32.90517599999993,7.829833333333333,8.077226974944722,109.40804,25,5,3,89,28.089887640449437,5,2,6081603700,37.62681,-122.44654
70569,Rollingwood / Palmhaus,2023,Spring,2.6214373333333345,2.6214373333333345,2.6214373333333345,0.0,2.6214373333333345,2.6214373333333345,0.0,2.6214373333333345,0,0,0,92,0.0,0,0,6081603700,37.62681,-122.44654
70569,Rollingwood / Palmhaus,2023,Summer,2.6214373333333345,2.6214373333333345,2.6214373333333345,0.0,2.6214373333333345,2.6214373333333345,0.0,2.6214373333333345,0,0,0,36,0.0,0,0,6081603700,37.62681,-122.44654
70569,Rollingwood / Palmhaus,2023,Winter,2.446478458478627,6.591982591243705,4.027308175882634,7.439170260002258,24.889747999999965,2.6214373333333345,4.426124812629397,42.24142666666667,17,3,0,89,19.10112359550562,2,0,6081603700,37.62681,-122.44654
70679,Home,2021,Fall,2.702110367563472,13.413215369458127,6.969947963795117,16.25168551027093,34.93042333333334,10.777293333333333,5.435518658910836,43.91344,34,5,0,91,37.362637362637365,2,0,6081602602,37.64743,-122.468575
70679,Home,2021,Spring,2.456363490073146,6.712440909090909,4.351354895583345,1.5053465751418882,9.251965333333334,6.885226666666668,1.826299901895705,12.340333333333334,1,0,0,22,4.545454545454546,0,0,6081602602,37.64743,-122.468575
70679,Home,2021,Summer,2.429001713250518,9.158854952523738,5.0185302996203625,8.059425097098687,25.241764000000046,6.983440000000002,3.5072738971035275,41.432280000000006,15,4,0,92,16.304347826086957,2,0,6081602602,37.64743,-122.468575
70679,Home,2021,Winter,2.388038279569893,14.04361483870968,8.01385002699479,21.852781611593258,36.77449666666667,7.996640000000002,8.540347778216825,40.978440000000006,12,3,0,31,38.70967741935484,1,0,6081602602,37.64743,-122.468575
70679,Home,2022,Fall,2.948816261210055,11.37639188279173,6.285297835002313,8.456688505653428,22.567423333333334,9.377306666666666,3.752191613235712,42.36430666666668,37,1,0,91,40.65934065934066,1,0,6081602602,37.64743,-122.468575
70679,Home,2022,Spring,2.1636479503105592,7.070110961535362,4.109946772394316,2.192796221830774,12.06711766666667,6.629246666666668,1.7316153957005211,21.766426666666668,5,0,0,92,5.434782608695652,0,0,6081602602,37.64743,-122.468575
70679,Home,2022,Summer,1.6313781879496765,7.065154855072465,3.769818620291136,3.9365151425672535,12.991065333333339,6.032446666666669,2.444626725571112,56.79958666666667,6,1,1,92,6.521739130434782,1,1,6081602602,37.64743,-122.468575
70679,Home,2022,Winter,4.0057924779338725,19.401719136370087,10.103185576716955,27.499498805598765,41.331071666666666,17.131480000000003,7.644706656748585,55.55931333333334,58,12,1,90,64.44444444444444,2,1,6081602602,37.64743,-122.468575
70679,Home,2023,Fall,1.946610836355763,13.136863693318176,6.460569848133459,25.688299325348723,27.854286666666667,9.04832,7.73529939997264,111.52885333333332,28,4,3,91,30.76923076923077,4,2,6081602602,37.64743,-122.468575
70679,Home,2023,Spring,1.0423812879850403,6.002569167916043,2.974130047521603,1.9967495947030824,9.035328,5.969740000000001,1.4521889243366015,14.887586666666667,1,0,0,92,1.0869565217391304,0,0,6081602602,37.64743,-122.468575
70679,Home,2023,Summer,1.5121015042478765,7.333582366316842,3.9533487369157583,4.746439203560676,17.983691666666672,5.908323333333334,3.0188553376059755,47.52511333333334,10,1,0,92,10.869565217391305,1,0,6081602602,37.64743,-122.468575
70679,Home,2023,Winter,1.346740651340997,11.068500454661558,5.094064658120827,11.716254961548366,25.263545999999995,9.114963333333336,4.488093348085556,39.179433333333336,32,2,0,90,35.55555555555556,2,0,6081602602,37.64743,-122.468575
76803,"Crystal Springs Terrace, Building 27",2020,Fall,3.1247532075471702,38.243689675546264,8.389248825363847,109.15727266352157,105.25379565772668,32.94192666666666,4.654409506024495,164.68303448275864,45,22,9,53,84.90566037735849,5,2,6081603900,37.605736,-122.42611
76803,"Crystal Springs Terrace, Building 27",2020,Winter,2.104833548387097,26.728457901371897,7.7614827673752735,43.649265624573836,53.01136666666667,26.03935862068965,5.208670578049693,67.09557333333335,30,6,2,31,96.7741935483871,1,1,6081603900,37.605736,-122.42611
76803,"Crystal Springs Terrace, Building 27",2021,Fall,2.8810611772135912,21.78462142596502,7.182106632409608,31.278001398861335,50.289509425287356,18.90889333333333,6.214932193613717,68.79908666666668,59,15,3,91,64.83516483516483,3,1,6081603900,37.605736,-122.42611
76803,"Crystal Springs Terrace, Building 27",2021,Spring,2.2806575362318844,21.69510918005283,4.7826715240213575,26.477154212009804,42.51120666666667,19.722646666666666,1.8109742619250948,101.27207857142858,67,12,1,92,72.82608695652173,2,1,6081603900,37.605736,-122.42611
76803,"Crystal Springs Terrace, Building 27",2021,Summer,2.7376247826086963,21.41445943278361,6.379377837163058,30.508888457845902,44.939853666666664,20.23515655172414,5.257457884101832,71.14213333333333,63,14,1,92,68.47826086956522,3,1,6081603900,37.605736,-122.42611
76803,"Crystal Springs Terrace, Building 27",2021,Winter,1.8326396926351645,24.007036786373128,6.152195940773358,36.743439829031125,48.81197266666666,21.416713333333334,4.91240495725612,81.9746,70,19,3,90,77.77777777777777,2,1,6081603900,37.605736,-122.42611
76803,"Crystal Springs Terrace, Building 27",2022,Fall,2.853546300366301,12.668510826702034,5.987923175625626,12.352576014218798,34.94355666666667,10.2635,3.284558198713621,42.35289999999999,36,5,0,91,39.56043956043956,2,0,6081603900,37.605736,-122.42611
76803,"Crystal Springs Terrace, Building 27",2022,Spring,1.8989206096951528,19.909402679910045,4.342329750190467,20.737430589603484,42.033804333333336,20.819403333333334,1.6201566384702237,55.00792666666666,54,13,1,92,58.69565217391305,2,1,6081603900,37.605736,-122.42611
76803,"Crystal Springs Terrace, Building 27",2022,Summer,2.1679464530234887,13.44529943528236,4.867069003132702,9.079603998021756,28.186860666666675,10.097453333333334,2.5024253655894593,47.55438666666667,39,4,0,92,42.391304347826086,3,0,6081603900,37.605736,-122.42611
76803,"Crystal Springs Terrace, Building 27",2022,Winter,3.3241647407407413,23.690133567637698,8.748559541669149,38.691731184115696,48.51157166666667,24.01632333333333,6.55696614515184,78.85931333333333,62,19,2,90,68.88888888888889,4,1,6081603900,37.605736,-122.42611
76803,"Crystal Springs Terrace, Building 27",2023,Spring,1.1866106122448983,11.963584479407526,3.1113220828535355,10.074476457954418,33.52146,6.333473333333334,1.0221318903487093,40.52903333333333,15,2,0,49,30.612244897959183,1,0,6081603900,37.605736,-122.42611
76803,"Crystal Springs Terrace, Building 27",2023,Winter,1.4570138079096049,12.527411557707829,4.085075107297088,10.473053094068158,29.685978666666653,9.31028,1.9538821474960693,42.585373333333344,24,2,0,59,40.67796610169491,1,0,6081603900,37.605736,-122.42611
78387,South City Lights,2021,Fall,3.2991649589490972,11.83682857142857,6.823686623372249,12.636029117280371,30.59410666666667,8.604966666666668,5.263797814472854,42.94171333333333,27,3,0,91,29.67032967032967,1,0,6081602601,37.64556,-122.45438
78387,South City Lights,2021,Summer,5.355403703703704,16.397425925925926,9.789886332481908,21.185801393231625,32.697094666666665,14.607353333333334,4.37763177267705,34.426833333333335,5,0,0,9,55.55555555555556,0,0,6081602601,37.64556,-122.45438
78387,South City Lights,2021,Winter,3.247531968854283,13.838702795698925,8.242646756581387,19.81308175423451,35.30333666666667,9.327126666666668,8.238319326929817,48.02837333333334,12,3,0,31,38.70967741935484,2,0,6081602601,37.64556,-122.45438
78387,South City Lights,2022,Fall,3.532068278388279,9.925416860698983,6.317181946411405,6.984383879618567,19.998560000000005,8.337586666666667,3.7864079595225655,41.66554666666667,31,1,0,91,34.065934065934066,1,0,6081602601,37.64556,-122.45438
78387,South City Lights,2022,Spring,2.6291747194950914,6.0351167391304354,4.081310421273458,1.5109538934168858,9.443348333333333,5.1155066666666675,1.6106012588231882,35.72286666666667,4,1,0,92,4.3478260869565215,1,0,6081602601,37.64556,-122.45438
78387,South City Lights,2022,Summer,2.069905869565218,6.12490182763457,3.723915208597309,2.411325831334232,15.157052000000006,4.908203333333334,2.5159366039314683,24.875233333333338,9,0,0,92,9.782608695652174,0,0,6081602601,37.64556,-122.45438
78387,South City Lights,2022,Winter,4.7330431315453385,17.209877050173326,10.225501022145588,24.238750789900674,37.115496333333326,16.51652,7.783486710359089,44.79406666666667,55,8,0,90,61.111111111111114,2,0,6081602601,37.64556,-122.45438
78387,South City Lights,2023,Fall,3.851514199823166,12.318354945054944,7.388857400469683,19.31887276823607,29.70473,7.860946666666667,7.511057100963134,105.61209333333332,27,4,3,91,29.67032967032967,4,2,6081602601,37.64556,-122.45438
78387,South City Lights,2023,Spring,1.7392024037981015,4.610161839080461,3.0145651657114674,0.9211172111666647,8.01803233333334,4.306483333333334,1.3853518877245286,13.39214,1,0,0,92,1.0869565217391304,0,0,6081602601,37.64556,-122.45438
78387,South City Lights,2023,Summer,2.605540994502749,6.888920144927536,4.42342002513414,4.002304092408239,18.738891333333335,4.987136666666668,3.273393307285008,47.63695333333333,10,1,0,92,10.869565217391305,1,0,6081602601,37.64556,-122.45438
78387,South City Lights,2023,Winter,2.738352915161467,10.361060449553001,5.809833314701294,10.313893852162035,23.90119033333333,7.149353333333334,4.7533792353189215,39.84283333333334,28,2,0,90,31.11111111111111,2,0,6081602601,37.64556,-122.45438
81205,Skyline College,2021,Fall,1.7227686728807106,9.710163281105574,4.941738720858355,9.869265402886592,26.558166666666672,7.346262068965518,4.386350213151424,32.282185185185185,23,0,0,91,25.274725274725274,0,0,6081614000,37.63005,-122.46852
81205,Skyline College,2021,Spring,2.757812648010611,5.474808070856636,4.002325067881114,1.1163731484036656,8.444114666666666,5.547158666666667,1.79960441091009,9.133842857142856,0,0,0,40,0.0,0,0,6081614000,37.63005,-122.46852
81205,Skyline College,2021,Summer,2.929923798228141,8.183159349061656,5.010007843286883,11.072819685434464,18.22887399999999,5.547158666666667,2.872734023676789,68.48217333333335,8,2,1,79,10.126582278481013,2,1,6081614000,37.63005,-122.46852
81205,Skyline College,2021,Winter,1.175647068966876,11.468448182424918,5.434600570356087,15.44500682113076,27.842633333333332,5.547158666666667,6.312926919394486,38.688073333333335,10,1,0,31,32.25806451612903,1,0,6081614000,37.63005,-122.46852
81205,Skyline College,2022,Fall,-0.4516004579906636,6.304635565058915,2.1382624956467065,5.657618892134635,14.642859523809527,5.547158666666667,3.3005898147476134,24.61779333333333,13,0,0,91,14.285714285714286,0,0,6081614000,37.63005,-122.46852
81205,Skyline College,2022,Spring,0.7336675708496689,5.141234763675703,2.7523969483332396,2.1312021150565226,8.605666250000002,5.456356666666667,1.481312619403528,12.02036,1,0,0,92,1.0869565217391304,0,0,6081614000,37.63005,-122.46852
81205,Skyline College,2022,Summer,-1.3916350590776037,4.6151450621739825,0.6785721475228117,4.507935666089775,11.665735,4.710716666666667,2.092965485825095,14.572785714285716,3,0,0,92,3.260869565217391,0,0,6081614000,37.63005,-122.46852
81205,Skyline College,2022,Winter,1.7253763991972275,14.241392587994891,6.978506566851817,19.472325630537775,35.11383909195402,11.207283333333333,6.570151098708188,40.046940000000006,42,5,0,90,46.666666666666664,1,0,6081614000,37.63005,-122.46852
81205,Skyline College,2023,Winter,-1.8887587362455076,5.647959122807018,0.2506247804862549,4.725406994425965,6.072099333333334,5.547158666666667,2.0437452437153554,8.201386666666668,0,0,0,38,0.0,0,0,6081614000,37.63005,-122.46852
86761,B9 North AHU-5012,2023,Fall,2.8146196783663777,9.889369732634039,5.66909080774664,24.50420518906141,15.136055846153846,6.525240000000001,4.650353036473203,100.77543333333332,16,4,2,87,18.39080459770115,4,1,6081602300,37.65753,-122.38206
86761,B9 North AHU-5012,2023,Winter,2.4938672973674456,11.712922512054005,6.2368083144101965,11.540483658303724,26.77543,10.65605925925926,5.450456035599086,30.14728666666667,14,0,0,31,45.16129032258065,0,0,6081602300,37.65753,-122.38206
90215,Rollingwood Elementary,2022,Fall,2.823168845161407,10.08544211299374,5.904466112637299,7.995455166523509,20.011519999999997,8.51954482758621,3.9519659850760314,41.31563333333334,29,1,0,91,31.86813186813187,1,0,6081603700,37.62775,-122.44534
90215,Rollingwood Elementary,2022,Summer,1.6338169598346897,6.625578197081235,3.664716950774879,4.936186103335504,18.646491034482736,4.810706666666667,2.9714912537136606,46.35792666666667,10,1,0,89,11.235955056179776,1,0,6081603700,37.62775,-122.44534
90215,Rollingwood Elementary,2022,Winter,5.088874638487209,17.09744129773823,10.501705169915043,18.373719457215167,37.91087333333334,13.48568666666667,11.070048134467557,42.43380666666667,17,4,0,31,54.83870967741935,2,0,6081603700,37.62775,-122.44534
90215,Rollingwood Elementary,2023,Fall,3.1220367715043587,12.128497956296577,6.977932824394028,22.099393341107287,29.470316666666676,7.749033333333334,8.12621006407026,115.5473,27,4,3,91,29.67032967032967,4,2,6081603700,37.62775,-122.44534
90215,Rollingwood Elementary,2023,Spring,0.9969682750106433,4.710595024265645,2.638794195958428,1.4864094507727665,7.493365666666667,4.374756666666667,1.542663230465244,13.390046666666668,1,0,0,90,1.1111111111111112,0,0,6081603700,37.62775,-122.44534
90215,Rollingwood Elementary,2023,Summer,2.269476941529236,7.809200742961853,4.634859003733447,6.4808593803936665,21.77070066666667,5.4359,4.154606290997539,62.52944,10,2,1,92,10.869565217391305,2,1,6081603700,37.62775,-122.44534
90215,Rollingwood Elementary,2023,Winter,1.8543513869731805,10.189244538770298,5.0273124998451175,11.546759664630894,25.606375999999994,6.137990000000001,4.697449182276034,41.31942,29,2,0,90,32.22222222222222,2,0,6081603700,37.62775,-122.44534
91617,Parkside Intermediate School,2022,Fall,2.593300952380953,11.087875740810913,5.816757416549198,8.285943817300916,21.25612,9.982393333333334,3.7199943921544185,40.993666666666655,36,1,0,91,39.56043956043956,1,0,6081604000,37.621143,-122.42189
91617,Parkside Intermediate School,2022,Summer,1.7308546511627914,7.6763612269446675,3.827830012197705,10.218827428714873,14.695593333333335,5.4387874712643685,2.715930347367859,91.78248666666668,12,1,1,86,13.953488372093023,1,1,6081604000,37.621143,-122.42189
91617,Parkside Intermediate School,2022,Winter,5.00065806451613,18.362941297738228,10.385778092427802,20.44224982155692,38.92405666666667,14.603873333333336,10.370567559883181,53.98777333333334,18,4,0,31,58.064516129032256,2,0,6081604000,37.621143,-122.42189
91617,Parkside Intermediate School,2023,Fall,2.748816483516484,11.248978418592902,6.29382396512892,17.046650713375662,27.43803333333334,7.965973333333334,7.163073757280062,94.85747333333332,25,4,3,91,27.47252747252747,4,2,6081604000,37.621143,-122.42189
91617,Parkside Intermediate School,2023,Spring,0.9616109855072468,5.008329971014493,2.4877425338276953,1.8132628442247272,12.196419,4.066783333333333,1.3560951717780336,23.949626666666667,5,0,0,92,5.434782608695652,0,0,6081604000,37.621143,-122.42189
91617,Parkside Intermediate School,2023,Summer,2.121641302681993,8.409485644074516,4.420411354370816,8.353417114600447,19.368429333333335,5.301386666666667,3.5593405260230235,79.36387333333333,14,3,2,87,16.091954022988507,2,1,6081604000,37.621143,-122.42189
91617,Parkside Intermediate School,2023,Winter,1.9389885333333337,12.197831828352491,5.40338127434141,13.53155292294031,25.43334066666667,9.728486666666669,4.373074095682853,37.29705333333334,30,2,0,75,40.0,1,0,6081604000,37.621143,-122.42189
94137,San Bruno,2023,Fall,3.571176697434401,12.107766768254825,7.304999611739915,18.76475015853359,28.1963275862069,7.926880000000001,7.476671118980891,100.58234666666668,29,4,3,91,31.86813186813187,4,2,6081604102,37.638256,-122.4167
94137,San Bruno,2023,Spring,1.7764325030035553,5.875603185465457,3.654965346542552,1.9630659246255135,9.96213166666667,5.650259313266444,1.433895122988607,14.978866666666669,3,0,0,92,3.260869565217391,0,0,6081604102,37.638256,-122.4167
94137,San Bruno,2023,Summer,3.2839571830490946,8.909966844621632,5.491779192948751,6.300718434773448,22.377364952380944,6.307645185185185,3.287220424926601,51.73783571428572,14,1,0,84,16.666666666666668,1,0,6081604102,37.638256,-122.4167
94137,San Bruno,2023,Winter,3.212962144433594,12.380313601980735,7.00251063600644,12.188644106148509,26.875473285714286,10.603576904761907,5.549571566382515,35.978835714285715,27,2,0,58,46.55172413793103,2,0,6081604102,37.638256,-122.4167
104538,ECCLES_1,2021,Fall,3.9600549916335157,13.771764949854743,7.940714491530399,18.3273988573266,36.50844000000001,8.505546666666666,6.3831976010958895,69.84584666666666,33,8,1,91,36.26373626373626,3,1,6081602300,37.66073,-122.38682
104538,ECCLES_1,2021,Summer,4.487791740335794,12.572349511289383,7.882857278628574,12.759354975626925,35.10368666666666,9.54722,4.856514861970603,41.175320000000006,14,3,0,41,34.146341463414636,2,0,6081602300,37.66073,-122.38682
104538,ECCLES_1,2021,Winter,4.063350967741935,14.87731376344086,9.247973444072683,23.31580723666629,40.896053333333334,7.243593333333333,10.021029577665015,54.55641333333334,12,3,0,31,38.70967741935484,2,0,6081602300,37.66073,-122.38682
104538,ECCLES_1,2022,Fall,5.021318348108836,9.222900290865315,6.8767452429279885,3.968381640385573,19.36660195402299,6.152154666666667,2.657050359900513,25.820813333333334,19,0,0,91,20.87912087912088,0,0,6081602300,37.66073,-122.38682
104538,ECCLES_1,2022,Spring,3.194637630097995,6.775291077314306,4.798244082568594,1.625110721110972,11.268831333333335,6.152154666666667,1.7687350060393416,14.530539999999998,3,0,0,92,3.260869565217391,0,0,6081602300,37.66073,-122.38682
104538,ECCLES_1,2022,Summer,4.4132013058658535,6.815901663516068,5.696201109722371,1.977310097039463,11.483971333333344,6.152154666666667,2.0588944476406157,25.19562666666667,5,0,0,92,5.434782608695652,0,0,6081602300,37.66073,-122.38682
104538,ECCLES_1,2022,Winter,5.376192201787996,18.800170816659925,11.26492650755523,27.158635340568456,40.164520333333336,18.205856436781616,8.641621123107122,57.00714,54,10,1,90,60.0,3,1,6081602300,37.66073,-122.38682
104538,ECCLES_1,2023,Spring,1.783831424501425,4.860908270216963,3.1707283041267327,0.965632381410138,7.534669666666667,4.408343333333334,1.2868864948262733,12.488086666666668,1,0,0,52,1.9230769230769231,0,0,6081602300,37.66073,-122.38682
104538,ECCLES_1,2023,Winter,2.2509443984407915,8.759697749321464,4.745353289567779,7.509241654554657,20.114803999999967,6.152154666666667,3.2837477034417306,30.513673333333333,13,0,0,59,22.033898305084747,0,0,6081602300,37.66073,-122.38682
107708,Rivian San Francisco Facility,2021,Fall,3.0236209355787227,13.367939999999999,7.344629579389252,18.791122540579725,35.11450833333333,10.263406666666667,6.166121368951987,40.18112666666666,33,5,0,86,38.372093023255815,1,0,6081602300,37.645958,-122.398705
107708,Rivian San Francisco Facility,2021,Summer,5.461196231884059,15.498031884057973,9.509969238797268,17.610115895734594,36.41251133333332,11.66474666666667,3.8020368698348794,38.21031333333334,11,2,0,23,47.82608695652174,1,0,6081602300,37.645958,-122.398705
107708,Rivian San Francisco Facility,2021,Winter,3.15190494623656,14.78758494623656,8.469331991194034,24.78469978600459,40.2286,7.786386666666666,9.760867591047694,56.89902000000001,12,3,1,31,38.70967741935484,2,1,6081602300,37.645958,-122.398705
107708,Rivian San Francisco Facility,2022,Fall,3.3173532524946325,11.796199225716814,6.538538105999657,10.717064843286414,24.630866666666666,9.103106666666667,4.376300668867802,75.93202666666666,31,2,1,91,34.065934065934066,1,1,6081602300,37.645958,-122.398705
107708,Rivian San Francisco Facility,2022,Spring,2.315541328502416,6.138846214405342,4.059732577266959,1.6537496444207964,10.476118333333336,5.3644300000000005,1.8663355989134838,13.536686666666668,4,0,0,92,4.3478260869565215,0,0,6081602300,37.645958,-122.398705
107708,Rivian San Francisco Facility,2022,Summer,1.9662922273116559,6.414545254723853,3.934898951201371,3.168942171133679,16.43463,5.3652,2.7249795144372277,25.95969333333333,8,0,0,91,8.791208791208792,0,0,6081602300,37.645958,-122.398705
107708,Rivian San Francisco Facility,2022,Winter,4.8643156060606065,18.434178257135688,10.688164097565013,27.76359557738026,37.553260666666674,16.769356666666667,8.851959704579121,59.11248666666668,52,13,1,88,59.09090909090909,4,1,6081602300,37.645958,-122.398705
107708,Rivian San Francisco Facility,2023,Spring,1.0018822988505751,4.670945272294888,2.664209686001319,1.3095984992547727,7.963712666666666,4.468726666666667,1.4672740940477293,10.76962,0,0,0,58,0.0,0,0,6081602300,37.645958,-122.398705
107708,Rivian San Francisco Facility,2023,Winter,1.375989121371518,8.548966428988896,4.080817982774958,7.655988929219685,20.357937333333307,6.859700000000001,3.098562849141021,29.47982,14,0,0,59,23.728813559322035,0,0,6081602300,37.645958,-122.398705
109506,"Sign Hill, Stonegate",2021,Fall,3.270441040798283,11.693069094411666,6.8108270927488945,12.800154459754872,28.47912666666667,8.63448,5.372963757850377,43.70918620689655,28,3,0,91,30.76923076923077,2,0,6081602001,37.664787,-122.42493
109506,"Sign Hill, Stonegate",2021,Summer,14.266030349206348,23.717655238095237,17.51389188656267,17.189322088445437,44.81992857142857,20.186936666666664,16.35396874829039,50.26307142857143,5,1,0,6,83.33333333333333,1,0,6081602001,37.664787,-122.42493
109506,"Sign Hill, Stonegate",2021,Winter,3.2981819725621064,13.467579569892473,8.114460539554532,20.544957260487003,36.69517333333333,6.393786666666667,8.4015291659059,48.69305333333334,12,3,0,31,38.70967741935484,2,0,6081602001,37.664787,-122.42493
109506,"Sign Hill, Stonegate",2022,Fall,3.4946459845901225,10.932506290319205,6.515139250363509,8.551380307552039,21.700216666666666,9.014133333333334,3.9339197767613316,42.11286,33,1,0,91,36.26373626373626,1,0,6081602001,37.664787,-122.42493
109506,"Sign Hill, Stonegate",2022,Spring,2.5657874344970377,6.046667608695653,4.176985619014997,1.363605398328494,9.405803666666667,5.543243333333333,1.6716816651712691,16.366533333333336,4,0,0,92,4.3478260869565215,0,0,6081602001,37.664787,-122.42493
109506,"Sign Hill, Stonegate",2022,Summer,2.1152989930034987,5.9760940579710145,3.865438940172878,2.2261815650853434,13.404661000000003,5.104526666666667,2.6229774641867007,23.93831333333334,7,0,0,92,7.608695652173913,0,0,6081602001,37.664787,-122.42493
109506,"Sign Hill, Stonegate",2022,Winter,4.568561144316731,16.537574584929757,9.878080447512982,21.907220567039776,35.43746866666666,14.190406666666668,7.70253796017411,47.85216,51,6,0,90,56.666666666666664,3,0,6081602001,37.664787,-122.42493
109506,"Sign Hill, Stonegate",2023,Fall,3.657338587848933,13.128437832512315,7.46175001609289,22.876707138480345,40.78804666666667,8.6084,8.197118790461637,110.20207333333336,27,6,4,91,29.67032967032967,5,2,6081602001,37.664787,-122.42493
109506,"Sign Hill, Stonegate",2023,Spring,1.8425931486715663,4.994119736197475,3.373772450516634,1.082511412242362,7.704753333333334,4.75136,1.5440788155251333,12.561,1,0,0,61,1.639344262295082,0,0,6081602001,37.664787,-122.42493
109506,"Sign Hill, Stonegate",2023,Summer,2.6852898550724644,7.538471304347827,4.788847251110309,4.31616688092519,20.482954,5.810173333333334,3.6077748325921495,48.045300000000005,11,1,0,92,11.956521739130435,1,0,6081602001,37.664787,-122.42493
109506,"Sign Hill, Stonegate",2023,Winter,3.3477146236559148,11.883906140979692,6.997603166710083,11.753338690342833,32.58335666666667,7.943637037037037,7.012298681555175,38.82383333333334,11,2,0,31,35.483870967741936,2,0,6081602001,37.664787,-122.42493
109718,terra,2021,Fall,3.0618804797993473,12.119743516483517,6.959780710623444,14.399246127298042,33.69415000000001,7.989553333333334,5.796551056772137,44.69772666666668,29,4,0,91,31.86813186813187,2,0,6081602002,37.669968,-122.42153
109718,terra,2021,Summer,7.3456150000000004,16.184853333333333,10.693140426245211,9.248938113207565,21.264517,17.654210000000003,4.044437341177723,21.51004,3,0,0,4,75.0,0,0,6081602002,37.669968,-122.42153
109718,terra,2021,Winter,3.0762305376344097,14.252944086021506,8.250705856750004,21.991558137691914,37.65069333333334,7.406846666666667,9.06019231140126,49.63706666666668,12,3,0,31,38.70967741935484,2,0,6081602002,37.669968,-122.42153
109718,terra,2022,Fall,3.1129733268373667,10.478510875331565,6.281710279126092,8.381683203293719,20.921303333333334,8.67032,3.779245155100728,42.524440000000006,32,1,0,91,35.16483516483517,1,0,6081602002,37.669968,-122.42153
109718,terra,2022,Spring,2.1191066030694334,6.092499347826087,3.969161953855632,1.749683461799163,9.704850333333335,5.491086666666667,1.6450757414571862,15.684233333333331,3,0,0,92,3.260869565217391,0,0,6081602002,37.669968,-122.42153
109718,terra,2022,Summer,1.8863048560397226,6.341678985507246,3.8967248439665543,2.696251154805416,14.189034000000001,5.463366666666667,2.63841384185445,23.318366666666662,8,0,0,92,8.695652173913043,0,0,6081602002,37.669968,-122.42153
109718,terra,2022,Winter,3.9411238314176247,16.691466592592594,9.735383145685093,25.905002154658288,35.407593333333324,14.823093333333336,7.725166572689758,52.23333333333334,53,5,0,90,58.888888888888886,1,0,6081602002,37.669968,-122.42153
109718,terra,2023,Fall,3.2936727598837945,12.286151423519012,7.086783714508369,20.132912473962502,31.060200000000002,7.945606666666667,7.711744484404128,108.72062666666667,23,4,3,91,25.274725274725274,4,2,6081602002,37.669968,-122.42153
109718,terra,2023,Spring,1.33094923788106,5.011114704889619,2.9981340966660546,1.418782683405124,7.608351839080461,4.856527216748768,1.4212181057711828,11.092406666666667,0,0,0,92,0.0,0,0,6081602002,37.669968,-122.42153
109718,terra,2023,Summer,2.4874840847433433,7.803556546726637,4.766378583348383,4.7203098660996,19.24299533333334,6.179780000000001,3.492411717680127,50.86196666666667,11,1,0,92,11.956521739130435,1,0,6081602002,37.669968,-122.42153
109718,terra,2023,Winter,1.987532881582465,9.314660542635659,5.038608802562659,9.625287052388572,24.702146666666664,5.883196666666667,4.679268908704681,34.92836,22,0,0,86,25.58139534883721,0,0,6081602002,37.669968,-122.42153
111235,Belle Air,2022,Fall,3.3796907080965015,11.877316475336169,6.726668414530131,8.579976193216178,23.84336,9.832120000000002,3.969228318687374,51.82090000000001,33,2,0,91,36.26373626373626,2,0,6081604200,37.631878,-122.409966
111235,Belle Air,2022,Spring,4.695697777777778,7.302885977011495,5.486711826984727,0.6225366664793293,9.463928137931035,6.30304,0.22498942155335439,9.815137931034483,0,0,0,3,0.0,0,0,6081604200,37.631878,-122.409966
111235,Belle Air,2022,Summer,2.1313231997559754,9.243661501829958,4.496137178642533,17.44290335478478,20.769475000000003,6.208755185185186,2.9196336246354253,136.36136666666667,11,2,2,92,11.956521739130435,1,1,6081604200,37.631878,-122.409966
111235,Belle Air,2022,Winter,6.234962047636232,18.318660413946127,11.345760653395928,15.013529094566517,37.57512804597702,13.854673333333334,10.507906923916376,53.246764285714285,18,4,0,31,58.064516129032256,2,0,6081604200,37.631878,-122.409966
111235,Belle Air,2023,Spring,1.2046186840133053,5.267481469257435,2.829759432758142,1.5638748100910091,8.875233333333334,5.329185149425288,1.6748349435882794,12.867253333333334,1,0,0,21,4.761904761904762,0,0,6081604200,37.631878,-122.409966
111235,Belle Air,2023,Winter,1.905015563989099,9.981477347187864,4.852091792880491,9.110122739899772,24.10033933333333,8.719726666666666,2.9243982941073843,31.925021428571423,14,0,0,59,23.728813559322035,0,0,6081604200,37.631878,-122.409966
111498,Crestmoor III,2021,Fall,2.9473995146871017,14.01280177887247,7.253964910938885,23.61443529508835,39.220292666666666,9.014253333333334,7.0431401254149515,85.28586666666668,34,7,2,90,37.77777777777778,3,1,6081603802,37.616806,-122.431
111498,Crestmoor III,2021,Summer,10.310373333333335,34.20801866666667,20.793197923349577,96.32397207167169,58.385728,31.17776666666667,10.503271448591342,62.346826666666665,4,2,1,5,80.0,2,1,6081603802,37.616806,-122.431
111498,Crestmoor III,2021,Winter,2.586449462365592,15.907542180200222,7.935193353592243,29.242915921017282,43.16328333333333,8.804020000000001,8.64700736527433,53.67295333333334,13,5,0,31,41.935483870967744,2,0,6081603802,37.616806,-122.431
111498,Crestmoor III,2022,Fall,3.0005020209675384,12.694841908130185,6.377912942589761,11.76991960264777,30.245823333333334,10.749453333333337,3.8978621492997614,42.93943333333333,38,3,0,91,41.75824175824176,1,0,6081603802,37.616806,-122.431
111498,Crestmoor III,2022,Spring,1.943365654672664,6.597980475119583,3.7556542291583495,2.4538991261926513,13.842671045977012,5.344236666666667,1.7704832372364603,27.65386666666668,7,0,0,92,7.608695652173913,0,0,6081603802,37.616806,-122.431
111498,Crestmoor III,2022,Summer,1.9805838955522244,8.261867008995502,4.161285002451449,9.722247640245943,19.460691333333344,5.715963333333334,3.0317625268349304,94.69032666666666,13,2,1,92,14.130434782608695,1,1,6081603802,37.616806,-122.431
111498,Crestmoor III,2022,Winter,3.511464037584383,19.273248783251233,9.392323139124263,32.24817543383124,46.11193966666665,17.76298666666667,7.99857129682074,57.777420000000006,56,15,3,90,62.22222222222222,3,1,6081603802,37.616806,-122.431
111498,Crestmoor III,2023,Fall,2.9921899961255334,12.508843664323537,7.092080955598559,23.024681229021077,32.94367199999996,8.665886666666667,8.474421919827773,110.99706428571427,28,5,3,89,31.46067415730337,5,2,6081603802,37.616806,-122.431
111498,Crestmoor III,2023,Spring,1.26399329549511,5.129369227608419,2.9286829697999868,1.6131461242169045,9.923280333333336,4.628513333333334,1.567932109688401,14.412434482758622,3,0,0,92,3.260869565217391,0,0,6081603802,37.616806,-122.431
111498,Crestmoor III,2023,Summer,2.784191834082959,9.69266135932034,5.467743112597834,10.298638756305786,26.117853942528736,6.5630966666666675,4.3985295896939665,69.51496,17,3,2,92,18.47826086956522,2,1,6081603802,37.616806,-122.431
111498,Crestmoor III,2023,Winter,1.683581546499478,11.736831989550678,5.068858479601899,14.243603174577261,29.94046966666666,8.20475,4.464848406807276,37.52432000000001,31,2,0,88,35.22727272727273,1,0,6081603802,37.616806,-122.431
113144,Shelter Crik,2023,Fall,1.5427190855121895,10.441762825144204,4.562624152943399,19.26052944032659,43.84096222222222,5.847833333333334,7.246983727970152,102.54112,22,6,2,91,24.175824175824175,4,2,6081603801,37.62002,-122.42762
113144,Shelter Crik,2023,Summer,2.7694266666666665,37.38822168582376,13.522512800127714,117.16332393935927,58.761459172413794,41.33835172413793,8.475226931984265,60.69736,2,2,1,3,66.66666666666667,2,1,6081603801,37.62002,-122.42762
113144,Shelter Crik,2023,Winter,1.3854350611790882,12.490487534297369,4.517700870945596,16.573741338216745,33.60661666666667,8.804273333333335,4.851390605309566,45.35736666666667,14,2,0,31,45.16129032258065,1,0,6081603801,37.62002,-122.42762
119179,"r""",2021,Fall,1.575823859123091,13.46455583737835,4.826077291421356,23.824632710630596,37.64126057142858,5.144173333333333,5.802129962182426,37.64126057142858,28,19,0,82,34.146341463414636,5,0,6081614000,37.632942,-122.456474
119179,"r""",2021,Summer,4.313796666666667,61.802504761904764,25.433396547619047,1205.0060460025666,113.94703047619048,61.802504761904764,30.507874755278934,119.74086666666668,1,1,1,2,50.0,1,1,6081614000,37.632942,-122.456474
119179,"r""",2021,Winter,1.5611312749615978,24.71282806674083,6.415320571095168,48.3147018227577,37.64126057142858,27.928686666666668,7.058558122603674,41.97852,23,15,0,31,74.19354838709677,6,0,6081614000,37.632942,-122.456474
119179,"r""",2022,Fall,1.430807687195126,15.456057326404304,4.472060928450776,22.430928062358994,37.64126057142858,8.453206666666667,3.2625538996522248,37.64126057142858,39,24,0,91,42.857142857142854,5,0,6081614000,37.632942,-122.456474
119179,"r""",2022,Spring,0.7846861576949626,8.175747207217821,2.5196090320262825,9.94054780677469,37.64126057142858,3.54879,1.460530087149377,37.64126057142858,12,12,0,92,13.043478260869565,5,0,6081614000,37.632942,-122.456474
119179,"r""",2022,Summer,0.5430530992165705,7.986201746769474,2.4094692763671177,11.36171046113197,37.64126057142858,3.061188505747127,2.368060612411808,44.23986000000001,14,12,0,92,15.217391304347826,2,0,6081614000,37.632942,-122.456474
119179,"r""",2022,Winter,2.374268425761723,23.874682772669228,7.706363360823481,44.02559267103316,37.64126057142858,28.146306666666668,6.399236863154365,37.74618000000001,65,37,0,90,72.22222222222223,9,0,6081614000,37.632942,-122.456474
119179,"r""",2023,Fall,1.8543774682675707,13.38881091149245,5.348060855732008,27.80980695026329,37.64126057142858,5.49884,7.720282725805109,108.89573793103447,25,17,3,91,27.47252747252747,4,2,6081614000,37.632942,-122.456474
119179,"r""",2023,Spring,0.2585151696374039,3.829822751053045,1.5826434633197566,2.5214486897288415,7.790005000000002,2.9908333333333337,0.992470339596998,37.64126057142858,2,2,0,92,2.1739130434782608,1,0,6081614000,37.632942,-122.456474
119179,"r""",2023,Summer,0.9476217362129379,8.08428372785036,3.0279474706051652,11.38064205233296,37.64126057142858,3.3407100000000005,3.427452728157291,46.84202,15,9,0,92,16.304347826086957,2,0,6081614000,37.632942,-122.456474
119179,"r""",2023,Winter,1.1775319231370713,10.088895518257878,3.7055251219620935,14.748159802350585,37.64126057142858,4.16791,4.315729264968825,37.64126057142858,23,10,0,84,27.38095238095238,2,0,6081614000,37.632942,-122.456474
120937,Elm Court,2021,Fall,0.8707408683916363,7.154920340803723,3.4249645083279243,7.091175865617562,20.365741333333293,4.472580000000001,3.824949779095771,33.18251333333333,11,0,0,73,15.068493150684931,0,0,6081602001,37.65903,-122.41747
120937,Elm Court,2021,Winter,1.924709252382356,8.082475897435899,4.439717457634811,6.933298051134087,20.732866666666673,2.780993333333333,6.431654146129564,21.49796666666668,4,0,0,13,30.76923076923077,0,0,6081602001,37.65903,-122.41747
120937,Elm Court,2022,Fall,0.9956972801300812,7.0279699563617495,3.4452520416988945,6.479125122723029,16.951717333333335,4.654039999999999,3.2863070247857467,32.994973333333334,19,0,0,87,21.839080459770116,0,0,6081602001,37.65903,-122.41747
120937,Elm Court,2022,Spring,0.402271666666667,4.64572032375479,1.9633390333053962,2.820674407096523,10.389733333333334,3.647272666666667,0.9810746700826258,16.163593333333335,1,0,0,16,6.25,0,0,6081602001,37.65903,-122.41747
120937,Elm Court,2022,Winter,2.5111870576810933,14.461993017819132,7.743784310371803,23.232098090684087,31.268760999999998,12.719323333333335,7.041211287881019,50.271793333333335,46,3,0,90,51.111111111111114,2,0,6081602001,37.65903,-122.41747
120937,Elm Court,2023,Fall,2.088034403266306,10.293456185423771,5.425709212122177,18.555182174700512,26.057163333333335,5.767126666666668,7.379694044154586,101.04955333333332,25,4,3,91,27.47252747252747,4,2,6081602001,37.65903,-122.41747
120937,Elm Court,2023,Spring,-0.07809865981691642,3.5135689083846358,1.19438665902864,2.309116141416198,7.2336416666666725,2.435952107279694,1.0309371902482178,49.61352,2,1,0,92,2.1739130434782608,1,0,6081602001,37.65903,-122.41747
120937,Elm Court,2023,Summer,0.4711607298731592,4.698201408151005,2.2918113794381894,3.584063362319046,16.351581000000003,2.7508833333333333,3.066428832513556,43.01472,7,1,0,92,7.608695652173913,1,0,6081602001,37.65903,-122.41747
120937,Elm Court,2023,Winter,1.812515456389453,9.533769712160726,4.739369866850049,10.337429218341944,23.375016666666667,7.734766666666666,5.803403771581821,37.428673333333336,15,2,0,51,29.41176470588235,2,0,6081602001,37.65903,-122.41747
131431,San Bruno Fire Station 52,2022,Fall,0.5516471542250857,7.358867963654664,3.2772702731107275,6.667230240970061,18.010870000000004,5.0792600000000006,3.188293974250258,33.16431333333333,20,0,0,91,21.978021978021978,0,0,6081603802,37.624493,-122.44617
131431,San Bruno Fire Station 52,2022,Spring,0.03907761828763083,3.3954151449275365,1.4682400238091078,1.3395609446637835,7.974451000000001,2.5452933333333334,1.3540471036002024,10.87334,0,0,0,92,0.0,0,0,6081603802,37.624493,-122.44617
131431,San Bruno Fire Station 52,2022,Summer,-0.17862320339830032,3.846670912850027,1.4210102702830654,3.0658946611870275,13.199276000000005,2.112286666666667,2.4279334952832983,30.525920000000006,7,0,0,92,7.608695652173913,0,0,6081603802,37.624493,-122.44617
131431,San Bruno Fire Station 52,2022,Winter,1.2927394186318426,11.405053226022805,5.593371408816377,16.517334932201045,29.77623666666667,8.856553333333334,6.920252790409891,36.3029,30,1,0,71,42.25352112676056,1,0,6081603802,37.624493,-122.44617
131431,San Bruno Fire Station 52,2023,Spring,3.13216,3.13216,3.13216,0.0,3.13216,3.13216,3.6950455776800505e-16,3.13216,0,0,0,14,0.0,0,0,6081603802,37.624493,-122.44617
131431,San Bruno Fire Station 52,2023,Winter,-0.6492186055688862,3.036983895614743,0.8147325080846127,3.410882895048902,9.715458551724137,3.13216,2.3376649544792674,14.89994,1,0,0,59,1.694915254237288,0,0,6081603802,37.624493,-122.44617
131435,San Bruno Fire Station 51,2022,Fall,1.3431307464948847,9.292015349248453,4.203569541252457,10.896270659014744,24.58494333333333,5.840946666666667,3.6173102072150884,84.91160666666666,23,3,1,91,25.274725274725274,1,1,6081604000,37.624477,-122.41409
131435,San Bruno Fire Station 51,2022,Spring,0.5946118840579715,4.055125006627121,1.9111481725177049,1.4171604496995638,9.142160551724142,3.032423333333334,1.1226713757528035,21.046606666666666,3,0,0,92,3.260869565217391,0,0,6081604000,37.624477,-122.41409
131435,San Bruno Fire Station 51,2022,Summer,0.5768858770614699,4.968388364548495,2.0850036417937647,3.8400364405375393,14.816517000000008,2.9846333333333335,2.085348031826309,46.20176666666666,7,1,0,92,7.608695652173913,1,0,6081604000,37.624477,-122.41409
131435,San Bruno Fire Station 51,2022,Winter,3.150323344944218,16.488849000136984,8.359774781233636,21.703396839550823,36.030676666666665,14.647293333333334,7.813371934158369,45.7087448275862,41,5,0,71,57.74647887323944,2,0,6081604000,37.624477,-122.41409
131435,San Bruno Fire Station 51,2023,Fall,1.6082319443556912,9.54718774882231,4.933096730531993,22.15869001237715,39.5718,4.381900000000001,8.55638966778831,94.75047333333332,9,4,3,61,14.754098360655737,4,2,6081604000,37.624477,-122.41409
131435,San Bruno Fire Station 51,2023,Spring,-0.06448425600125071,3.689921558839628,1.2652928739877016,1.3799413585483848,9.110693333333334,3.0307000000000004,0.9620449550806296,11.322626666666668,0,0,0,21,0.0,0,0,6081604000,37.624477,-122.41409
131435,San Bruno Fire Station 51,2023,Summer,1.5263388002873568,9.228834914249227,4.389892144397831,12.11844923795277,29.055111666666654,5.215273333333334,4.632528947424859,50.18448000000001,9,2,0,32,28.125,2,0,6081604000,37.624477,-122.41409
131435,San Bruno Fire Station 51,2023,Winter,0.641163140463667,8.683471189780413,2.9437954497456293,9.432234816522948,25.087961333333315,5.743193333333334,2.493067701456943,41.43304827586206,14,1,0,59,23.728813559322035,1,0,6081604000,37.624477,-122.41409
144654,Valleyview &amp; Appian Way,2022,Fall,0.9971478093553962,9.154517434850865,4.583455445514584,9.379229579123686,19.198823333333337,8.178426666666667,4.0599731318289525,40.50465333333334,25,1,0,91,27.47252747252747,1,0,6081602500,37.640972,-122.44539
144654,Valleyview &amp; Appian Way,2022,Spring,1.031805225225226,5.89886900900901,3.51497960263219,2.7479253799444754,10.048259999999999,5.038006666666667,2.517294488040304,11.21496,0,0,0,37,0.0,0,0,6081602500,37.640972,-122.44539
144654,Valleyview &amp; Appian Way,2022,Summer,-0.6789225412293848,5.819377661169416,2.1314880816904913,5.119625629586424,13.952123333333336,4.566210000000001,2.8540541957704284,34.30848666666667,7,0,0,92,7.608695652173913,0,0,6081602500,37.640972,-122.44539
144654,Valleyview &amp; Appian Way,2022,Winter,3.558952688172044,14.932881505376345,9.038810895970636,16.364049409884267,35.12778333333334,11.234026666666663,11.066501556572941,39.66861333333333,15,2,0,31,48.38709677419355,2,0,6081602500,37.640972,-122.44539
144654,Valleyview &amp; Appian Way,2023,Fall,0.835413992673993,8.715016717948718,4.607865918876599,13.756458793580228,14.013803333333335,10.400108,4.270627891870269,24.790133333333333,6,0,0,91,6.593406593406593,0,0,6081602500,37.640972,-122.44539
144654,Valleyview &amp; Appian Way,2023,Spring,-0.7375544202898546,4.302453804347826,1.5886973439924228,2.6871964636548484,8.079330000000004,4.0282800000000005,1.7082667536147913,13.608233333333333,1,0,0,92,1.0869565217391304,0,0,6081602500,37.640972,-122.44539
144654,Valleyview &amp; Appian Way,2023,Summer,0.9998790724637685,6.5812323938030985,3.354818465580154,5.5686493961290875,10.400108,6.011576666666667,3.8871638732899836,19.868406666666665,4,0,0,92,4.3478260869565215,0,0,6081602500,37.640972,-122.44539
144654,Valleyview &amp; Appian Way,2023,Winter,0.37644175619412557,8.285923418390805,3.46941815005661,11.144344259740798,21.892153666666662,7.366542857142858,4.44886917756614,31.71740666666667,16,0,0,90,17.77777777777778,0,0,6081602500,37.640972,-122.44539
158239,Rise-8,2023,Fall,3.2588903325019056,13.30885234557135,7.171237339453808,22.116107168716113,29.08486,9.221626666666667,7.892091047300557,110.36971333333334,32,4,3,91,35.16483516483517,4,2,6081601800,37.652466,-122.44741
158239,Rise-8,2023,Spring,1.128418366574336,7.097719638399922,3.068047254486757,4.387408556418547,22.193226666666668,4.976873333333334,1.7563527874499085,32.77506,7,0,0,71,9.859154929577464,0,0,6081601800,37.652466,-122.44741
158239,Rise-8,2023,Summer,2.329939390939825,7.328775764705883,4.480957107559875,4.399164905513992,19.967978666666664,5.594473333333334,3.5524996037107415,48.2698,11,1,0,85,12.941176470588236,1,0,6081601800,37.652466,-122.44741
158239,Rise-8,2023,Winter,3.0065624937986946,17.241071813683995,7.53247228853242,20.32160407471291,34.597094666666656,15.800513333333331,5.984086328087402,39.31223846153846,32,3,0,47,68.08510638297872,2,0,6081601800,37.652466,-122.44741
158259,Rise-10,2023,Fall,3.050736996336997,12.07639116416151,6.890371767442034,21.857641166516053,30.00481,7.754480000000002,8.255473803525343,114.39288666666668,25,4,3,91,27.47252747252747,4,2,6081602400,37.642807,-122.43742
158259,Rise-10,2023,Spring,1.2173654878317777,4.333728765994875,2.673087625784125,1.0608752977787923,8.157716666666662,3.881586666666667,1.4403840574288307,13.499300000000002,1,0,0,67,1.492537313432836,0,0,6081602400,37.642807,-122.43742
158259,Rise-10,2023,Summer,2.1666230704885656,7.070600715991212,4.25129279654993,5.253950999694354,19.879027666666666,4.990026666666667,3.5657509086880745,57.7197,11,1,1,92,11.956521739130435,1,1,6081602400,37.642807,-122.43742
158259,Rise-10,2023,Winter,3.316506852057843,15.822230790296096,8.038750967135321,23.389344469242182,38.43639666666667,14.15130666666667,7.308857166124582,42.05064,18,3,0,31,58.064516129032256,2,0,6081602400,37.642807,-122.43742
160983,SSF Cypress,2023,Fall,3.9948332095490717,14.559716535100051,8.039888202029779,23.706818419795866,41.584863333333345,10.255046666666669,8.37816521121491,112.42843333333334,38,6,4,91,41.75824175824176,5,2,6081602100,37.660446,-122.40603
160983,SSF Cypress,2023,Spring,2.2090086792452834,5.8361985586307,3.874659111311346,1.4513776688743338,10.509586666666667,5.141393333333333,1.7014282586885852,15.507960000000002,1,0,0,53,1.8867924528301887,0,0,6081602100,37.660446,-122.40603
160983,SSF Cypress,2023,Summer,3.111144799331104,15.379176021234716,5.819474555105318,60.85582747583885,46.14214862068966,6.536076666666668,4.568804336775249,229.8509068091016,18,7,4,92,19.565217391304348,1,1,6081602100,37.660446,-122.40603
160983,SSF Cypress,2023,Winter,4.080859285626005,17.073769464219502,9.069423785148857,25.384667846053862,41.91885666666667,13.515931034482758,7.675556754474453,51.32054,20,3,0,31,64.51612903225806,2,0,6081602100,37.660446,-122.40603
169967,emalita,2023,Fall,3.81214444067518,12.945528054999189,7.406846414072091,18.78248929820371,39.084949770114946,8.95104,7.543628982681271,88.41260666666668,31,5,3,91,34.065934065934066,4,2,6081603900,37.61375,-122.40727
169967,emalita,2023,Spring,2.0841250649675165,5.950456652669392,3.547039211099709,1.3431600002078372,9.375184481481483,5.682453333333333,1.3887581330450294,16.262140000000002,3,0,0,92,3.260869565217391,0,0,6081603900,37.61375,-122.40727
169967,emalita,2023,Summer,3.1696280609695155,9.509644070464768,5.286257296414037,7.5145567648358504,24.177654333333333,6.600836666666667,3.4864096796042685,53.12858666666667,16,4,0,92,17.391304347826086,2,0,6081603900,37.61375,-122.40727
169967,emalita,2023,Winter,2.027933870592794,11.559851237431046,5.37046829657146,11.49484240790196,24.768104551724136,8.981406666666668,4.426511472181398,39.652820000000006,33,1,0,89,37.07865168539326,1,0,6081603900,37.61375,-122.40727
177521,Lake X Lassen Dr,2023,Fall,4.035765191420512,13.293071255526083,7.60649097634199,23.943927319282956,39.759339999999995,8.274840000000001,7.911502002006858,110.60976666666666,29,5,4,91,31.86813186813187,4,2,6081614000,37.61908,-122.45091
177521,Lake X Lassen Dr,2023,Spring,1.97540641808766,4.858689294682329,3.3273969294381214,0.8462347747469872,7.655737904761906,4.544613333333333,1.4471402522004106,9.934226666666667,0,0,0,65,0.0,0,0,6081614000,37.61908,-122.45091
177521,Lake X Lassen Dr,2023,Summer,3.1648814070986493,8.926326712679769,5.558554445534856,7.9106461249746705,22.473486666666673,5.694766666666667,4.767194602039315,64.31435333333334,17,2,1,91,18.681318681318682,2,1,6081614000,37.61908,-122.45091
177521,Lake X Lassen Dr,2023,Winter,3.62261826420891,16.607818301816835,7.825093873039511,22.415266442715694,36.73115666666667,16.35391333333333,6.758053429272751,43.53416,19,3,0,31,61.29032258064516,2,0,6081614000,37.61908,-122.45091
